"Orig","Dest","DrivingMiles","EuclidMiles","price","TransBay"
"12TH","12TH",0,0,5.55,"FALSE"
"12TH","16TH",0,9.27161376444923,3.5,"TRUE"
"12TH","19TH",0,0.322489509651974,1.85,"FALSE"
"12TH","24TH",0,10.1575008011248,3.6,"TRUE"
"12TH","ASHB",0,3.44583156313071,1.85,"FALSE"
"12TH","BALB",0,12.7915317795147,3.95,"TRUE"
"12TH","BAYF",0,10.8526381989511,2.75,"FALSE"
"12TH","CAST",0,13.6989971532885,3.2,"FALSE"
"12TH","CIVC",0,8.22230817094242,3.3,"TRUE"
"12TH","COLM",0,15.8954845753041,4.05,"TRUE"
"12TH","COLS",0,5.34963853963913,1.85,"FALSE"
"12TH","CONC",0,19.3082314077296,3.9,"FALSE"
"12TH","DALY",0,14.4057133080539,4.1,"TRUE"
"12TH","DBRK",0,4.61133347324048,1.85,"FALSE"
"12TH","DELN",0,9.52438747606245,2.45,"FALSE"
"12TH","DUBL",0,23.329812620092,4.25,"FALSE"
"12TH","EMBR",0,6.9079763469592,3.3,"TRUE"
"12TH","FRMT",0,23.6144012286984,4.3,"FALSE"
"12TH","FTVL",0,3.28216118099872,1.85,"FALSE"
"12TH","GLEN",0,11.7418497077708,3.85,"TRUE"
"12TH","HAYW",0,13.6738910794076,3.2,"FALSE"
"12TH","LAFY",0,10.9687030282998,2.95,"FALSE"
"12TH","LAKE",0,0.537860510699801,1.85,"FALSE"
"12TH","MCAR",0,1.7428602527851,1.85,"FALSE"
"12TH","MLBR",0,23.2161518045683,4.8,"TRUE"
"12TH","MONT",0,7.26993083114649,3.3,"TRUE"
"12TH","NBRK",0,5.5014147363744,1.9,"FALSE"
"12TH","NCON",0,21.3602053652489,4.1,"FALSE"
"12TH","ORIN",0,7.52957282634242,2.35,"FALSE"
"12TH","PHIL",0,15.8532200125738,3.55,"FALSE"
"12TH","PITT",0,25.8274507857856,4.6,"FALSE"
"12TH","PLZA",0,7.6816261983535,2.2,"FALSE"
"12TH","POWL",0,7.68886402558222,3.3,"TRUE"
"12TH","RICH",0,11.6327655889686,2.8,"FALSE"
"12TH","ROCK",0,3.14244611146835,1.85,"FALSE"
"12TH","SANL",0,8.27626393181353,2.4,"FALSE"
"12TH","SBRN",0,20.1415728827912,4.5,"TRUE"
"12TH","SFIA",0,22.1248805196382,8.95,"TRUE"
"12TH","SHAY",0,16.6419534857217,3.5,"FALSE"
"12TH","SSAN",0,17.7560538428897,4.25,"TRUE"
"12TH","UCTY",0,20.3537972292653,3.95,"FALSE"
"12TH","WCRK",0,14.163258513789,3.4,"FALSE"
"12TH","WDUB",0,21.8043110918669,4.1,"FALSE"
"12TH","WOAK",0,1.25932947549149,1.85,"FALSE"
"16TH","12TH",0,9.27161376444917,3.5,"TRUE"
"16TH","16TH",0,0,5.55,"FALSE"
"16TH","19TH",0,9.59410327410114,3.5,"TRUE"
"16TH","24TH",0,0.885887036675594,1.85,"FALSE"
"16TH","ASHB",0,12.7174453275799,3.9,"TRUE"
"16TH","BALB",0,3.51991801506546,1.85,"FALSE"
"16TH","BAYF",0,19.9883319626706,4.65,"TRUE"
"16TH","CAST",0,22.8346909170081,4.95,"TRUE"
"16TH","CIVC",0,1.04930559350659,1.85,"FALSE"
"16TH","COLM",0,6.62387081085489,3.35,"FALSE"
"16TH","COLS",0,14.4853323033587,4.15,"TRUE"
"16TH","CONC",0,28.5798451721788,5.7,"TRUE"
"16TH","DALY",0,5.13409954360468,2.95,"FALSE"
"16TH","DBRK",0,13.8829472376896,4,"TRUE"
"16TH","DELN",0,18.7960012405116,4.4,"TRUE"
"16TH","DUBL",0,32.4655063838115,6,"TRUE"
"16TH","EMBR",0,2.36363741748998,1.85,"FALSE"
"16TH","FRMT",0,32.7500949924179,6,"TRUE"
"16TH","FTVL",0,12.4178549447183,3.9,"TRUE"
"16TH","GLEN",0,2.47023594332158,1.85,"FALSE"
"16TH","HAYW",0,22.8095848431271,4.95,"TRUE"
"16TH","LAFY",0,20.240316792749,4.8,"TRUE"
"16TH","LAKE",0,9.67355427441933,3.5,"TRUE"
"16TH","MCAR",0,11.0144740172343,3.7,"TRUE"
"16TH","MLBR",0,13.944538040119,4.45,"FALSE"
"16TH","MONT",0,2.00168293330268,1.85,"FALSE"
"16TH","NBRK",0,14.7730285008236,4.05,"TRUE"
"16TH","NCON",0,30.6318191296981,5.9,"TRUE"
"16TH","ORIN",0,16.8011865907916,4.45,"TRUE"
"16TH","PHIL",0,25.1248337770229,5.3,"TRUE"
"16TH","PITT",0,35.0990645502348,6.4,"TRUE"
"16TH","PLZA",0,16.9532399628027,4.25,"TRUE"
"16TH","POWL",0,1.5827497388668,1.85,"FALSE"
"16TH","RICH",0,20.9043793534178,4.6,"TRUE"
"16TH","ROCK",0,12.4140598759175,3.9,"TRUE"
"16TH","SANL",0,17.4119576955331,4.45,"TRUE"
"16TH","SBRN",0,10.869959118342,4,"FALSE"
"16TH","SFIA",0,12.853266755189,8.6,"FALSE"
"16TH","SHAY",0,25.7776472494413,5.2,"TRUE"
"16TH","SSAN",0,8.48444007844044,3.6,"FALSE"
"16TH","UCTY",0,29.4894909929848,5.7,"TRUE"
"16TH","WCRK",0,23.4348722782381,5.15,"TRUE"
"16TH","WDUB",0,30.9400048555865,5.85,"TRUE"
"16TH","WOAK",0,8.01228428895768,3.35,"TRUE"
"19TH","12TH",0,0.322489509652171,1.85,"FALSE"
"19TH","16TH",0,9.5941032741014,3.5,"TRUE"
"19TH","19TH",0,0,5.55,"FALSE"
"19TH","24TH",0,10.479990310777,3.6,"TRUE"
"19TH","ASHB",0,3.12334205347873,1.85,"FALSE"
"19TH","BALB",0,13.1140212891669,3.95,"TRUE"
"19TH","BAYF",0,11.1751277086032,2.75,"FALSE"
"19TH","CAST",0,14.0214866629407,3.2,"FALSE"
"19TH","CIVC",0,8.5447976805946,3.3,"TRUE"
"19TH","COLM",0,16.2179740849563,4.05,"TRUE"
"19TH","COLS",0,5.6721280492913,1.85,"FALSE"
"19TH","CONC",0,18.9857418980777,3.9,"FALSE"
"19TH","DALY",0,14.7282028177061,4.1,"TRUE"
"19TH","DBRK",0,4.2888439635885,1.85,"FALSE"
"19TH","DELN",0,9.20189796641047,2.45,"FALSE"
"19TH","DUBL",0,23.6523021297441,4.25,"FALSE"
"19TH","EMBR",0,7.23046585661137,3.3,"TRUE"
"19TH","FRMT",0,23.9368907383506,4.3,"FALSE"
"19TH","FTVL",0,3.6046506906509,1.85,"FALSE"
"19TH","GLEN",0,12.064339217423,3.85,"TRUE"
"19TH","HAYW",0,13.9963805890598,3.2,"FALSE"
"19TH","LAFY",0,10.6462135186478,2.95,"FALSE"
"19TH","LAKE",0,0.860350020351972,1.85,"FALSE"
"19TH","MCAR",0,1.42037074313312,1.85,"FALSE"
"19TH","MLBR",0,23.5386413142204,4.8,"TRUE"
"19TH","MONT",0,7.59242034079866,3.3,"TRUE"
"19TH","NBRK",0,5.17892522672242,1.9,"FALSE"
"19TH","NCON",0,21.0377158555969,4.1,"FALSE"
"19TH","ORIN",0,7.20708331669044,2.35,"FALSE"
"19TH","PHIL",0,15.5307305029218,3.55,"FALSE"
"19TH","PITT",0,25.5049612761337,4.6,"FALSE"
"19TH","PLZA",0,7.35913668870152,2.2,"FALSE"
"19TH","POWL",0,8.01135353523439,3.3,"TRUE"
"19TH","RICH",0,11.3102760793167,2.8,"FALSE"
"19TH","ROCK",0,2.81995660181638,1.85,"FALSE"
"19TH","SANL",0,8.59875344146571,2.4,"FALSE"
"19TH","SBRN",0,20.4640623924434,4.5,"TRUE"
"19TH","SFIA",0,22.4473700292904,8.95,"TRUE"
"19TH","SHAY",0,16.9644429953739,3.5,"FALSE"
"19TH","SSAN",0,18.0785433525418,4.25,"TRUE"
"19TH","UCTY",0,20.6762867389175,3.95,"FALSE"
"19TH","WCRK",0,13.840769004137,3.4,"FALSE"
"19TH","WDUB",0,22.1268006015191,4.1,"FALSE"
"19TH","WOAK",0,1.58181898514366,1.85,"FALSE"
"24TH","12TH",0,10.1575008011247,3.6,"TRUE"
"24TH","16TH",0,0.885887036675544,1.85,"FALSE"
"24TH","19TH",0,10.4799903107767,3.6,"TRUE"
"24TH","24TH",0,0,5.55,"FALSE"
"24TH","ASHB",0,13.6033323642554,3.95,"TRUE"
"24TH","BALB",0,2.63403097838987,1.85,"FALSE"
"24TH","BAYF",0,20.8742189993462,4.7,"TRUE"
"24TH","CAST",0,23.7205779536836,5,"TRUE"
"24TH","CIVC",0,1.93519263018214,1.85,"FALSE"
"24TH","COLM",0,5.7379837741793,3.25,"FALSE"
"24TH","COLS",0,15.3712193400342,4.2,"TRUE"
"24TH","CONC",0,29.4657322088544,5.75,"TRUE"
"24TH","DALY",0,4.24821250692908,2.95,"FALSE"
"24TH","DBRK",0,14.7688342743652,4.05,"TRUE"
"24TH","DELN",0,19.6818882771872,4.45,"TRUE"
"24TH","DUBL",0,33.351393420487,6.05,"TRUE"
"24TH","EMBR",0,3.24952445416552,1.85,"FALSE"
"24TH","FRMT",0,33.6359820290935,6.05,"TRUE"
"24TH","FTVL",0,13.3037419813938,4,"TRUE"
"24TH","GLEN",0,1.58434890664598,1.85,"FALSE"
"24TH","HAYW",0,23.6954718798027,5,"TRUE"
"24TH","LAFY",0,21.1262038294245,4.85,"TRUE"
"24TH","LAKE",0,10.5594413110949,3.6,"TRUE"
"24TH","MCAR",0,11.9003610539098,3.8,"TRUE"
"24TH","MLBR",0,13.0586510034434,4.4,"FALSE"
"24TH","MONT",0,2.88756996997822,1.85,"FALSE"
"24TH","NBRK",0,15.6589155374991,4.1,"TRUE"
"24TH","NCON",0,31.5177061663736,5.95,"TRUE"
"24TH","ORIN",0,17.6870736274671,4.5,"TRUE"
"24TH","PHIL",0,26.0107208136985,5.35,"TRUE"
"24TH","PITT",0,35.9849515869104,6.45,"TRUE"
"24TH","PLZA",0,17.8391269994782,4.3,"TRUE"
"24TH","POWL",0,2.46863677554234,1.85,"FALSE"
"24TH","RICH",0,21.7902663900933,4.65,"TRUE"
"24TH","ROCK",0,13.2999469125931,4,"TRUE"
"24TH","SANL",0,18.2978447322086,4.5,"TRUE"
"24TH","SBRN",0,9.98407208166641,3.9,"FALSE"
"24TH","SFIA",0,11.9673797185134,8.5,"FALSE"
"24TH","SHAY",0,26.6635342861168,5.25,"TRUE"
"24TH","SSAN",0,7.59855304176485,3.5,"FALSE"
"24TH","UCTY",0,30.3753780296604,5.75,"TRUE"
"24TH","WCRK",0,24.3207593149137,5.2,"TRUE"
"24TH","WDUB",0,31.825891892262,5.9,"TRUE"
"24TH","WOAK",0,8.89817132563322,3.4,"TRUE"
"ASHB","12TH",0,3.44583156313116,1.85,"FALSE"
"ASHB","16TH",0,12.7174453275804,3.9,"TRUE"
"ASHB","19TH",0,3.12334205347899,1.85,"FALSE"
"ASHB","24TH",0,13.603332364256,3.95,"TRUE"
"ASHB","ASHB",0,0,5.55,"FALSE"
"ASHB","BALB",0,16.2373633426459,4.2,"TRUE"
"ASHB","BAYF",0,14.2984697620822,3.15,"FALSE"
"ASHB","CAST",0,17.1448287164197,3.4,"FALSE"
"ASHB","CIVC",0,11.6681397340736,3.75,"TRUE"
"ASHB","COLM",0,19.3413161384353,4.25,"TRUE"
"ASHB","COLS",0,8.79547010277029,2.35,"FALSE"
"ASHB","CONC",0,19.2683424652903,3.9,"FALSE"
"ASHB","DALY",0,17.8515448711851,4.3,"TRUE"
"ASHB","DBRK",0,1.16550191010977,1.85,"FALSE"
"ASHB","DELN",0,6.07855591293174,1.85,"FALSE"
"ASHB","DUBL",0,26.7756441832231,4.5,"FALSE"
"ASHB","EMBR",0,10.3538079100904,3.75,"TRUE"
"ASHB","FRMT",0,27.0602327918296,4.5,"FALSE"
"ASHB","FTVL",0,6.72799274412989,2.05,"FALSE"
"ASHB","GLEN",0,15.187681270902,4.1,"TRUE"
"ASHB","HAYW",0,17.1197226425388,3.4,"FALSE"
"ASHB","LAFY",0,10.9288140858605,2.85,"FALSE"
"ASHB","LAKE",0,3.98369207383097,1.85,"FALSE"
"ASHB","MCAR",0,1.70297131034581,1.85,"FALSE"
"ASHB","MLBR",0,26.6619833676994,5,"TRUE"
"ASHB","MONT",0,10.7157623942777,3.75,"TRUE"
"ASHB","NBRK",0,2.05558317324369,1.85,"FALSE"
"ASHB","NCON",0,21.3203164228096,4.1,"FALSE"
"ASHB","ORIN",0,7.48968388390313,2.25,"FALSE"
"ASHB","PHIL",0,15.8133310701345,3.5,"FALSE"
"ASHB","PITT",0,25.7875618433463,4.6,"FALSE"
"ASHB","PLZA",0,4.23579463522279,1.85,"FALSE"
"ASHB","POWL",0,11.1346955887134,3.75,"TRUE"
"ASHB","RICH",0,8.18693402583792,1.85,"FALSE"
"ASHB","ROCK",0,3.10255716902906,1.85,"FALSE"
"ASHB","SANL",0,11.7220954949447,2.85,"FALSE"
"ASHB","SBRN",0,23.5874044459224,4.7,"TRUE"
"ASHB","SFIA",0,25.5707120827694,9.15,"TRUE"
"ASHB","SHAY",0,20.0877850488529,3.7,"FALSE"
"ASHB","SSAN",0,21.2018854060208,4.45,"TRUE"
"ASHB","UCTY",0,23.7996287923965,4.15,"FALSE"
"ASHB","WCRK",0,14.1233695713497,3.3,"FALSE"
"ASHB","WDUB",0,25.2501426549981,4.3,"FALSE"
"ASHB","WOAK",0,4.70516103862265,1.85,"FALSE"
"BALB","12TH",0,12.7915317795145,3.95,"TRUE"
"BALB","16TH",0,3.51991801506532,1.85,"FALSE"
"BALB","19TH",0,13.1140212891665,3.95,"TRUE"
"BALB","24TH",0,2.63403097838978,1.85,"FALSE"
"BALB","ASHB",0,16.2373633426452,4.2,"TRUE"
"BALB","BALB",0,0,5.55,"FALSE"
"BALB","BAYF",0,23.5082499777359,4.9,"TRUE"
"BALB","CAST",0,26.3546089320734,5.2,"TRUE"
"BALB","CIVC",0,4.56922360857191,1.9,"FALSE"
"BALB","COLM",0,3.10395279578943,3.1,"FALSE"
"BALB","COLS",0,18.005250318424,4.4,"TRUE"
"BALB","CONC",0,32.0997631872441,5.95,"TRUE"
"BALB","DALY",0,1.61418152853921,2.95,"FALSE"
"BALB","DBRK",0,17.402865252755,4.25,"TRUE"
"BALB","DELN",0,22.3159192555769,4.65,"TRUE"
"BALB","DUBL",0,35.9854243988768,6.25,"TRUE"
"BALB","EMBR",0,5.8835554325553,1.9,"FALSE"
"BALB","FRMT",0,36.2700130074832,6.3,"TRUE"
"BALB","FTVL",0,15.9377729597836,4.25,"TRUE"
"BALB","GLEN",0,1.04968207174392,1.85,"FALSE"
"BALB","HAYW",0,26.3295028581924,5.2,"TRUE"
"BALB","LAFY",0,23.7602348078143,5.1,"TRUE"
"BALB","LAKE",0,13.1934722894846,3.95,"TRUE"
"BALB","MCAR",0,14.5343920322996,4.05,"TRUE"
"BALB","MLBR",0,10.4246200250536,4.05,"FALSE"
"BALB","MONT",0,5.521600948368,1.9,"FALSE"
"BALB","NBRK",0,18.2929465158889,4.3,"TRUE"
"BALB","NCON",0,34.1517371447634,6.15,"TRUE"
"BALB","ORIN",0,20.3211046058569,4.7,"TRUE"
"BALB","PHIL",0,28.6447517920883,5.55,"TRUE"
"BALB","PITT",0,38.6189825653001,6.65,"TRUE"
"BALB","PLZA",0,20.473157977868,4.5,"TRUE"
"BALB","POWL",0,5.10266775393212,1.9,"FALSE"
"BALB","RICH",0,24.4242973684831,4.85,"TRUE"
"BALB","ROCK",0,15.9339778909828,4.2,"TRUE"
"BALB","SANL",0,20.9318757105984,4.7,"TRUE"
"BALB","SBRN",0,7.35004110327654,3.55,"FALSE"
"BALB","SFIA",0,9.33334874012349,8.1,"FALSE"
"BALB","SHAY",0,29.2975652645066,5.5,"TRUE"
"BALB","SSAN",0,4.96452206337498,3.1,"FALSE"
"BALB","UCTY",0,33.0094090080501,5.95,"TRUE"
"BALB","WCRK",0,26.9547902933035,5.45,"TRUE"
"BALB","WDUB",0,34.4599228706518,6.1,"TRUE"
"BALB","WOAK",0,11.532202304023,3.8,"TRUE"
"BAYF","12TH",0,10.8526381989511,2.75,"FALSE"
"BAYF","16TH",0,19.9883319626706,4.65,"TRUE"
"BAYF","19TH",0,11.175127708603,2.75,"FALSE"
"BAYF","24TH",0,20.8742189993462,4.7,"TRUE"
"BAYF","ASHB",0,14.2984697620818,3.15,"FALSE"
"BAYF","BALB",0,23.508249977736,4.9,"TRUE"
"BAYF","BAYF",0,0,5.55,"FALSE"
"BAYF","CAST",0,2.84635895433745,1.85,"FALSE"
"BAYF","CIVC",0,18.9390263691638,4.6,"TRUE"
"BAYF","COLM",0,26.6122027735255,5,"TRUE"
"BAYF","COLS",0,5.50299965931193,1.85,"FALSE"
"BAYF","CONC",0,30.1608696066807,4.75,"FALSE"
"BAYF","DALY",0,25.1224315062753,5.05,"TRUE"
"BAYF","DBRK",0,15.4639716721915,3.25,"FALSE"
"BAYF","DELN",0,20.3770256750135,3.6,"FALSE"
"BAYF","DUBL",0,12.4771744211409,1.85,"FALSE"
"BAYF","EMBR",0,17.6246945451806,4.6,"TRUE"
"BAYF","FRMT",0,12.7617630297473,1.85,"FALSE"
"BAYF","FTVL",0,7.5704770179522,2.35,"FALSE"
"BAYF","GLEN",0,22.4585679059922,4.85,"TRUE"
"BAYF","HAYW",0,2.82125288045652,1.85,"FALSE"
"BAYF","LAFY",0,21.8213412272508,3.9,"FALSE"
"BAYF","LAKE",0,10.3147776882512,2.75,"FALSE"
"BAYF","MCAR",0,12.5954984517361,2.95,"FALSE"
"BAYF","MLBR",0,33.9328700027896,5.75,"TRUE"
"BAYF","MONT",0,17.9866490293678,4.6,"TRUE"
"BAYF","NBRK",0,16.3540529353254,3.25,"FALSE"
"BAYF","NCON",0,32.2128435642,4.95,"FALSE"
"BAYF","ORIN",0,18.3822110252935,3.5,"FALSE"
"BAYF","PHIL",0,26.7058582115248,4.35,"FALSE"
"BAYF","PITT",0,36.6800889847367,5.45,"FALSE"
"BAYF","PLZA",0,18.5342643973046,3.45,"FALSE"
"BAYF","POWL",0,18.4055822238036,4.6,"TRUE"
"BAYF","RICH",0,22.4854037879197,3.8,"FALSE"
"BAYF","ROCK",0,13.9950843104194,3,"FALSE"
"BAYF","SANL",0,2.57637426713741,1.85,"FALSE"
"BAYF","SBRN",0,30.8582910810126,5.45,"TRUE"
"BAYF","SFIA",0,32.8415987178595,9.9,"TRUE"
"BAYF","SHAY",0,5.78931528677067,1.85,"FALSE"
"BAYF","SSAN",0,28.472772041111,5.2,"TRUE"
"BAYF","UCTY",0,9.50115903031423,1.85,"FALSE"
"BAYF","WCRK",0,25.01589671274,4.2,"FALSE"
"BAYF","WDUB",0,10.9516728929159,1.85,"FALSE"
"BAYF","WOAK",0,11.9760476737128,2.95,"FALSE"
"CAST","12TH",0,13.6989971532885,3.2,"FALSE"
"CAST","16TH",0,22.834690917008,4.95,"TRUE"
"CAST","19TH",0,14.0214866629404,3.2,"FALSE"
"CAST","24TH",0,23.7205779536836,5,"TRUE"
"CAST","ASHB",0,17.1448287164192,3.4,"FALSE"
"CAST","BALB",0,26.3546089320735,5.2,"TRUE"
"CAST","BAYF",0,2.84635895433742,1.85,"FALSE"
"CAST","CAST",0,0,5.55,"FALSE"
"CAST","CIVC",0,21.7853853235012,4.85,"TRUE"
"CAST","COLM",0,29.4585617278629,5.3,"TRUE"
"CAST","COLS",0,8.34935861364934,2.45,"FALSE"
"CAST","CONC",0,33.0072285610181,5.05,"FALSE"
"CAST","DALY",0,27.9687904606127,5.3,"TRUE"
"CAST","DBRK",0,18.3103306265289,3.5,"FALSE"
"CAST","DELN",0,23.2233846293509,3.9,"FALSE"
"CAST","DUBL",0,9.63081546680344,1.85,"FALSE"
"CAST","EMBR",0,20.471053499518,4.85,"TRUE"
"CAST","FRMT",0,15.6081219840847,3.6,"FALSE"
"CAST","FTVL",0,10.4168359722896,2.75,"FALSE"
"CAST","GLEN",0,25.3049268603296,5.15,"TRUE"
"CAST","HAYW",0,5.66761183479393,1.85,"FALSE"
"CAST","LAFY",0,24.6677001815883,4.15,"FALSE"
"CAST","LAKE",0,13.1611366425886,3.2,"FALSE"
"CAST","MCAR",0,15.4418574060736,3.3,"FALSE"
"CAST","MLBR",0,36.779228957127,6.05,"TRUE"
"CAST","MONT",0,20.8330079837053,4.85,"TRUE"
"CAST","NBRK",0,19.2004118896629,3.55,"FALSE"
"CAST","NCON",0,35.0592025185374,5.25,"FALSE"
"CAST","ORIN",0,21.2285699796309,3.8,"FALSE"
"CAST","PHIL",0,29.5522171658622,4.65,"FALSE"
"CAST","PITT",0,39.5264479390741,5.75,"FALSE"
"CAST","PLZA",0,21.380623351642,3.7,"FALSE"
"CAST","POWL",0,21.251941178141,4.85,"TRUE"
"CAST","RICH",0,25.3317627422571,4.1,"FALSE"
"CAST","ROCK",0,16.8414432647568,3.3,"FALSE"
"CAST","SANL",0,5.42273322147482,1.85,"FALSE"
"CAST","SBRN",0,33.70465003535,5.7,"TRUE"
"CAST","SFIA",0,35.687957672197,10.15,"TRUE"
"CAST","SHAY",0,8.63567424110809,2.55,"FALSE"
"CAST","SSAN",0,31.3191309954484,5.45,"TRUE"
"CAST","UCTY",0,12.3475179846516,3.2,"FALSE"
"CAST","WCRK",0,27.8622556670774,4.5,"FALSE"
"CAST","WDUB",0,8.10531393857841,1.85,"FALSE"
"CAST","WOAK",0,14.8224066280503,3.3,"FALSE"
"CIVC","12TH",0,8.22230817094258,3.3,"TRUE"
"CIVC","16TH",0,1.04930559350681,1.85,"FALSE"
"CIVC","19TH",0,8.54479768059455,3.3,"TRUE"
"CIVC","24TH",0,1.9351926301824,1.85,"FALSE"
"CIVC","ASHB",0,11.6681397340733,3.75,"TRUE"
"CIVC","BALB",0,4.56922360857227,1.9,"FALSE"
"CIVC","BAYF",0,18.939026369164,4.6,"TRUE"
"CIVC","CAST",0,21.7853853235015,4.85,"TRUE"
"CIVC","CIVC",0,0,5.55,"FALSE"
"CIVC","COLM",0,7.6731764043617,3.5,"FALSE"
"CIVC","COLS",0,13.4360267098521,4.05,"TRUE"
"CIVC","CONC",0,27.5305395786722,5.65,"TRUE"
"CIVC","DALY",0,6.18340513711148,3.15,"FALSE"
"CIVC","DBRK",0,12.8336416441831,3.9,"TRUE"
"CIVC","DELN",0,17.746695647005,4.3,"TRUE"
"CIVC","DUBL",0,31.4162007903049,5.95,"TRUE"
"CIVC","EMBR",0,1.31433182398338,1.85,"FALSE"
"CIVC","FRMT",0,31.7007893989113,5.95,"TRUE"
"CIVC","FTVL",0,11.3685493512117,3.75,"TRUE"
"CIVC","GLEN",0,3.51954153682838,1.85,"FALSE"
"CIVC","HAYW",0,21.7602792496205,4.85,"TRUE"
"CIVC","LAFY",0,19.1910111992424,4.75,"TRUE"
"CIVC","LAKE",0,8.62424868091274,3.3,"TRUE"
"CIVC","MCAR",0,9.96516842372767,3.5,"TRUE"
"CIVC","MLBR",0,14.9938436336258,4.5,"FALSE"
"CIVC","MONT",0,0.952377339796083,1.85,"FALSE"
"CIVC","NBRK",0,13.723722907317,4,"TRUE"
"CIVC","NCON",0,29.5825135361915,5.8,"TRUE"
"CIVC","ORIN",0,15.751880997285,4.4,"TRUE"
"CIVC","PHIL",0,24.0755281835164,5.25,"TRUE"
"CIVC","PITT",0,34.0497589567282,6.3,"TRUE"
"CIVC","PLZA",0,15.9039343692961,4.15,"TRUE"
"CIVC","POWL",0,0.533444145360207,1.85,"FALSE"
"CIVC","RICH",0,19.8550737599112,4.5,"TRUE"
"CIVC","ROCK",0,11.3647542824109,3.75,"TRUE"
"CIVC","SANL",0,16.3626521020265,4.35,"TRUE"
"CIVC","SBRN",0,11.9192647118488,4.15,"FALSE"
"CIVC","SFIA",0,13.9025723486958,8.65,"FALSE"
"CIVC","SHAY",0,24.7283416559347,5.15,"TRUE"
"CIVC","SSAN",0,9.53374567194725,3.8,"FALSE"
"CIVC","UCTY",0,28.4401853994782,5.6,"TRUE"
"CIVC","WCRK",0,22.3855666847316,5.1,"TRUE"
"CIVC","WDUB",0,29.8906992620799,5.75,"TRUE"
"CIVC","WOAK",0,6.96297869545109,3.1,"TRUE"
"COLM","12TH",0,15.8954845753039,4.05,"TRUE"
"COLM","16TH",0,6.62387081085472,3.35,"FALSE"
"COLM","19TH",0,16.2179740849559,4.05,"TRUE"
"COLM","24TH",0,5.73798377417917,3.25,"FALSE"
"COLM","ASHB",0,19.3413161384346,4.25,"TRUE"
"COLM","BALB",0,3.1039527957894,3.1,"FALSE"
"COLM","BAYF",0,26.6122027735253,5,"TRUE"
"COLM","CAST",0,29.4585617278628,5.3,"TRUE"
"COLM","CIVC",0,7.67317640436131,3.5,"FALSE"
"COLM","COLM",0,0,5.55,"FALSE"
"COLM","COLS",0,21.1092031142134,4.5,"TRUE"
"COLM","CONC",0,35.2037159830335,6.05,"TRUE"
"COLM","DALY",0,1.48977126725023,3.1,"FALSE"
"COLM","DBRK",0,20.5068180485444,4.35,"TRUE"
"COLM","DELN",0,25.4198720513663,4.75,"TRUE"
"COLM","DUBL",0,39.0893771946662,6.35,"TRUE"
"COLM","EMBR",0,8.9875082283447,3.5,"FALSE"
"COLM","FRMT",0,39.3739658032726,6.35,"TRUE"
"COLM","FTVL",0,19.041725755573,4.3,"TRUE"
"COLM","GLEN",0,4.15363486753332,3.1,"FALSE"
"COLM","HAYW",0,29.4334556539818,5.3,"TRUE"
"COLM","LAFY",0,26.8641876036037,5.15,"TRUE"
"COLM","LAKE",0,16.297425085274,4.05,"TRUE"
"COLM","MCAR",0,17.638344828089,4.15,"TRUE"
"COLM","MLBR",0,7.32066722926414,3.6,"FALSE"
"COLM","MONT",0,8.6255537441574,3.5,"FALSE"
"COLM","NBRK",0,21.3968993116783,4.4,"TRUE"
"COLM","NCON",0,37.2556899405528,6.25,"TRUE"
"COLM","ORIN",0,23.4250574016463,4.8,"TRUE"
"COLM","PHIL",0,31.7487045878777,5.65,"TRUE"
"COLM","PITT",0,41.7229353610895,6.75,"TRUE"
"COLM","PLZA",0,23.5771107736574,4.6,"TRUE"
"COLM","POWL",0,8.20662054972152,3.5,"FALSE"
"COLM","RICH",0,27.5282501642725,4.95,"TRUE"
"COLM","ROCK",0,19.0379306867722,4.3,"TRUE"
"COLM","SANL",0,24.0358285063878,4.8,"TRUE"
"COLM","SBRN",0,4.24608830748711,3.1,"FALSE"
"COLM","SFIA",0,6.22939594433406,7.7,"FALSE"
"COLM","SHAY",0,32.401518060296,5.55,"TRUE"
"COLM","SSAN",0,1.86056926758555,3.1,"FALSE"
"COLM","UCTY",0,36.1133618038396,6.05,"TRUE"
"COLM","WCRK",0,30.0587430890929,5.5,"TRUE"
"COLM","WDUB",0,37.5638756664412,6.2,"TRUE"
"COLM","WOAK",0,14.6361550998124,3.95,"TRUE"
"COLS","12TH",0,5.34963853963913,1.85,"FALSE"
"COLS","16TH",0,14.4853323033587,4.15,"TRUE"
"COLS","19TH",0,5.6721280492911,1.85,"FALSE"
"COLS","24TH",0,15.3712193400343,4.2,"TRUE"
"COLS","ASHB",0,8.79547010276984,2.35,"FALSE"
"COLS","BALB",0,18.0052503184241,4.4,"TRUE"
"COLS","BAYF",0,5.50299965931195,1.85,"FALSE"
"COLS","CAST",0,8.3493586136494,2.45,"FALSE"
"COLS","CIVC",0,13.4360267098519,4.05,"TRUE"
"COLS","COLM",0,21.1092031142136,4.5,"TRUE"
"COLS","COLS",0,0,5.55,"FALSE"
"COLS","CONC",0,24.6578699473688,4.25,"FALSE"
"COLS","DALY",0,19.6194318469633,4.55,"TRUE"
"COLS","DBRK",0,9.9609720128796,2.5,"FALSE"
"COLS","DELN",0,14.8740260157016,3.1,"FALSE"
"COLS","DUBL",0,17.9801740804528,3.8,"FALSE"
"COLS","EMBR",0,12.1216948858686,4.05,"TRUE"
"COLS","FRMT",0,18.2647626890593,3.85,"FALSE"
"COLS","FTVL",0,2.06747735864028,1.85,"FALSE"
"COLS","GLEN",0,16.9555682466802,4.35,"TRUE"
"COLS","HAYW",0,8.32425253976847,2.45,"FALSE"
"COLS","LAFY",0,16.3183415679389,3.35,"FALSE"
"COLS","LAKE",0,4.81177802893925,1.85,"FALSE"
"COLS","MCAR",0,7.09249879242422,2.15,"FALSE"
"COLS","MLBR",0,28.4298703434777,5.25,"TRUE"
"COLS","MONT",0,12.4836493700559,4.05,"TRUE"
"COLS","NBRK",0,10.8510532760135,2.65,"FALSE"
"COLS","NCON",0,26.709843904888,4.45,"FALSE"
"COLS","ORIN",0,12.8792113659815,3,"FALSE"
"COLS","PHIL",0,21.2028585522129,3.85,"FALSE"
"COLS","PITT",0,31.1770893254248,4.95,"FALSE"
"COLS","PLZA",0,13.0312647379926,2.95,"FALSE"
"COLS","POWL",0,12.9025825644916,4.05,"TRUE"
"COLS","RICH",0,16.9824041286078,3.3,"FALSE"
"COLS","ROCK",0,8.49208465110748,2.2,"FALSE"
"COLS","SANL",0,2.92662539217441,1.85,"FALSE"
"COLS","SBRN",0,25.3552914217007,4.95,"TRUE"
"COLS","SFIA",0,27.3385990585476,9.4,"TRUE"
"COLS","SHAY",0,11.2923149460826,2.9,"FALSE"
"COLS","SSAN",0,22.9697723817991,4.7,"TRUE"
"COLS","UCTY",0,15.0041586896262,3.5,"FALSE"
"COLS","WCRK",0,19.5128970534281,3.7,"FALSE"
"COLS","WDUB",0,16.4546725522278,3.65,"FALSE"
"COLS","WOAK",0,6.47304801440092,2.1,"FALSE"
"CONC","12TH",0,19.3082314077295,3.9,"FALSE"
"CONC","16TH",0,28.5798451721787,5.7,"TRUE"
"CONC","19TH",0,18.9857418980773,3.9,"FALSE"
"CONC","24TH",0,29.4657322088543,5.75,"TRUE"
"CONC","ASHB",0,19.2683424652898,3.9,"FALSE"
"CONC","BALB",0,32.0997631872442,5.95,"TRUE"
"CONC","BAYF",0,30.1608696066806,4.75,"FALSE"
"CONC","CAST",0,33.007228561018,5.05,"FALSE"
"CONC","CIVC",0,27.5305395786719,5.65,"TRUE"
"CONC","COLM",0,35.2037159830336,6.05,"TRUE"
"CONC","COLS",0,24.6578699473686,4.25,"FALSE"
"CONC","CONC",0,0,5.55,"FALSE"
"CONC","DALY",0,33.7139447157834,6.1,"TRUE"
"CONC","DBRK",0,20.4338443753995,3.9,"FALSE"
"CONC","DELN",0,25.3468983782215,4.3,"FALSE"
"CONC","DUBL",0,42.6380440278215,6.1,"FALSE"
"CONC","EMBR",0,26.2162077546887,5.65,"TRUE"
"CONC","FRMT",0,42.9226326364279,6.1,"FALSE"
"CONC","FTVL",0,22.5903925887282,4.05,"FALSE"
"CONC","GLEN",0,31.0500811155003,5.9,"TRUE"
"CONC","HAYW",0,32.9821224871371,5.05,"FALSE"
"CONC","LAFY",0,8.33952837942956,1.85,"FALSE"
"CONC","LAKE",0,19.8460919184293,3.9,"FALSE"
"CONC","MCAR",0,17.5653711549442,3.9,"FALSE"
"CONC","MLBR",0,42.5243832122978,6.8,"TRUE"
"CONC","MONT",0,26.578162238876,5.65,"TRUE"
"CONC","NBRK",0,21.3239256385335,4,"FALSE"
"CONC","NCON",0,2.05197395751928,1.85,"FALSE"
"CONC","ORIN",0,11.778658581387,1.85,"FALSE"
"CONC","PHIL",0,3.45501139515571,1.85,"FALSE"
"CONC","PITT",0,6.519219378056,1.85,"FALSE"
"CONC","PLZA",0,23.5041371005126,4.15,"FALSE"
"CONC","POWL",0,26.9970954333117,5.65,"TRUE"
"CONC","RICH",0,27.4552764911277,4.5,"FALSE"
"CONC","ROCK",0,16.165785296261,3.75,"FALSE"
"CONC","SANL",0,27.584495339543,4.55,"FALSE"
"CONC","SBRN",0,39.4498042905208,6.5,"TRUE"
"CONC","SFIA",0,41.4331119273677,10.95,"TRUE"
"CONC","SHAY",0,35.9501848934513,5.3,"FALSE"
"CONC","SSAN",0,37.0642852506192,6.25,"TRUE"
"CONC","UCTY",0,39.6620286369948,5.8,"FALSE"
"CONC","WCRK",0,5.14497289394037,1.85,"FALSE"
"CONC","WDUB",0,41.1125424995964,5.95,"FALSE"
"CONC","WOAK",0,20.567560883221,4.05,"FALSE"
"DALY","12TH",0,14.4057133080537,4.1,"TRUE"
"DALY","16TH",0,5.13409954360449,2.95,"FALSE"
"DALY","19TH",0,14.7282028177056,4.1,"TRUE"
"DALY","24TH",0,4.24821250692895,2.95,"FALSE"
"DALY","ASHB",0,17.8515448711844,4.3,"TRUE"
"DALY","BALB",0,1.61418152853917,2.95,"FALSE"
"DALY","BAYF",0,25.1224315062751,5.05,"TRUE"
"DALY","CAST",0,27.9687904606125,5.3,"TRUE"
"DALY","CIVC",0,6.18340513711108,3.15,"FALSE"
"DALY","COLM",0,1.48977126725022,3.1,"FALSE"
"DALY","COLS",0,19.6194318469631,4.55,"TRUE"
"DALY","CONC",0,33.7139447157833,6.1,"TRUE"
"DALY","DALY",0,0,5.55,"FALSE"
"DALY","DBRK",0,19.0170467812941,4.4,"TRUE"
"DALY","DELN",0,23.9301007841161,4.75,"TRUE"
"DALY","DUBL",0,37.599605927416,6.4,"TRUE"
"DALY","EMBR",0,7.49773696109447,3.15,"FALSE"
"DALY","FRMT",0,37.8841945360224,6.4,"TRUE"
"DALY","FTVL",0,17.5519544883227,4.35,"TRUE"
"DALY","GLEN",0,2.66386360028309,2.95,"FALSE"
"DALY","HAYW",0,27.9436843867316,5.3,"TRUE"
"DALY","LAFY",0,25.3744163363535,5.2,"TRUE"
"DALY","LAKE",0,14.8076538180238,4.1,"TRUE"
"DALY","MCAR",0,16.1485735608388,4.2,"TRUE"
"DALY","MLBR",0,8.81043849651435,3.8,"FALSE"
"DALY","MONT",0,7.13578247690717,3.15,"FALSE"
"DALY","NBRK",0,19.9071280444281,4.45,"TRUE"
"DALY","NCON",0,35.7659186733026,6.3,"TRUE"
"DALY","ORIN",0,21.9352861343961,4.85,"TRUE"
"DALY","PHIL",0,30.2589333206274,5.7,"TRUE"
"DALY","PITT",0,40.2331640938393,6.8,"TRUE"
"DALY","PLZA",0,22.0873395064072,4.6,"TRUE"
"DALY","POWL",0,6.71684928247129,3.15,"FALSE"
"DALY","RICH",0,26.0384788970223,5,"TRUE"
"DALY","ROCK",0,17.548159419522,4.3,"TRUE"
"DALY","SANL",0,22.5460572391376,4.8,"TRUE"
"DALY","SBRN",0,5.73585957473733,3.1,"FALSE"
"DALY","SFIA",0,7.71916721158428,7.9,"FALSE"
"DALY","SHAY",0,30.9117467930458,5.6,"TRUE"
"DALY","SSAN",0,3.35034053483577,3.1,"FALSE"
"DALY","UCTY",0,34.6235905365893,6.05,"TRUE"
"DALY","WCRK",0,28.5689718218426,5.55,"TRUE"
"DALY","WDUB",0,36.074104399191,6.2,"TRUE"
"DALY","WOAK",0,13.1463838325622,4,"TRUE"
"DBRK","12TH",0,4.61133347324068,1.85,"FALSE"
"DBRK","16TH",0,13.8829472376899,4,"TRUE"
"DBRK","19TH",0,4.28884396358851,1.85,"FALSE"
"DBRK","24TH",0,14.7688342743655,4.05,"TRUE"
"DBRK","ASHB",0,1.16550191010952,1.85,"FALSE"
"DBRK","BALB",0,17.4028652527554,4.25,"TRUE"
"DBRK","BAYF",0,15.4639716721918,3.25,"FALSE"
"DBRK","CAST",0,18.3103306265292,3.5,"FALSE"
"DBRK","CIVC",0,12.8336416441831,3.9,"TRUE"
"DBRK","COLM",0,20.5068180485448,4.35,"TRUE"
"DBRK","COLS",0,9.96097201287981,2.5,"FALSE"
"DBRK","CONC",0,20.4338443753999,3.9,"FALSE"
"DBRK","DALY",0,19.0170467812946,4.4,"TRUE"
"DBRK","DBRK",0,0,5.55,"FALSE"
"DBRK","DELN",0,4.91305400282197,1.85,"FALSE"
"DBRK","DUBL",0,27.9411460933327,4.55,"FALSE"
"DBRK","EMBR",0,11.5193098201999,3.9,"TRUE"
"DBRK","FRMT",0,28.2257347019391,4.6,"FALSE"
"DBRK","FTVL",0,7.89349465423941,2.2,"FALSE"
"DBRK","GLEN",0,16.3531831810115,4.2,"TRUE"
"DBRK","HAYW",0,18.2852245526483,3.5,"FALSE"
"DBRK","LAFY",0,12.09431599597,3,"FALSE"
"DBRK","LAKE",0,5.14919398394048,1.85,"FALSE"
"DBRK","MCAR",0,2.86847322045532,1.85,"FALSE"
"DBRK","MLBR",0,27.8274852778089,5.1,"TRUE"
"DBRK","MONT",0,11.8812643043872,3.9,"TRUE"
"DBRK","NBRK",0,0.890081263133921,1.85,"FALSE"
"DBRK","NCON",0,22.4858183329191,4.1,"FALSE"
"DBRK","ORIN",0,8.65518579401265,2.4,"FALSE"
"DBRK","PHIL",0,16.978832980244,3.55,"FALSE"
"DBRK","PITT",0,26.9530637534559,4.6,"FALSE"
"DBRK","PLZA",0,3.07029272511302,1.85,"FALSE"
"DBRK","POWL",0,12.3001974988229,3.9,"TRUE"
"DBRK","RICH",0,7.02143211572816,1.85,"FALSE"
"DBRK","ROCK",0,4.26805907913858,1.85,"FALSE"
"DBRK","SANL",0,12.8875974050542,3,"FALSE"
"DBRK","SBRN",0,24.7529063560319,4.75,"TRUE"
"DBRK","SFIA",0,26.7362139928789,9.25,"TRUE"
"DBRK","SHAY",0,21.2532869589624,3.8,"FALSE"
"DBRK","SSAN",0,22.3673873161304,4.55,"TRUE"
"DBRK","UCTY",0,24.965130702506,4.25,"FALSE"
"DBRK","WCRK",0,15.2888714814592,3.4,"FALSE"
"DBRK","WDUB",0,26.4156445651076,4.4,"FALSE"
"DBRK","WOAK",0,5.87066294873217,1.95,"FALSE"
"DELN","12TH",0,9.52438747606267,2.45,"FALSE"
"DELN","16TH",0,18.7960012405119,4.4,"TRUE"
"DELN","19TH",0,9.2018979664105,2.45,"FALSE"
"DELN","24TH",0,19.6818882771875,4.45,"TRUE"
"DELN","ASHB",0,6.07855591293151,1.85,"FALSE"
"DELN","BALB",0,22.3159192555774,4.65,"TRUE"
"DELN","BAYF",0,20.3770256750138,3.6,"FALSE"
"DELN","CAST",0,23.2233846293512,3.9,"FALSE"
"DELN","CIVC",0,17.7466956470051,4.3,"TRUE"
"DELN","COLM",0,25.4198720513668,4.75,"TRUE"
"DELN","COLS",0,14.8740260157018,3.1,"FALSE"
"DELN","CONC",0,25.3468983782219,4.3,"FALSE"
"DELN","DALY",0,23.9301007841166,4.75,"TRUE"
"DELN","DBRK",0,4.91305400282199,1.85,"FALSE"
"DELN","DELN",0,0,5.55,"FALSE"
"DELN","DUBL",0,32.8542000961546,4.95,"FALSE"
"DELN","EMBR",0,16.4323638230219,4.3,"TRUE"
"DELN","FRMT",0,33.1387887047611,5,"FALSE"
"DELN","FTVL",0,12.8065486570614,2.9,"FALSE"
"DELN","GLEN",0,21.2662371838335,4.6,"TRUE"
"DELN","HAYW",0,23.1982785554703,3.9,"FALSE"
"DELN","LAFY",0,17.007369998792,3.45,"FALSE"
"DELN","LAKE",0,10.0622479867625,2.45,"FALSE"
"DELN","MCAR",0,7.78152722327732,2.25,"FALSE"
"DELN","MLBR",0,32.7405392806309,5.5,"TRUE"
"DELN","MONT",0,16.7943183072092,4.3,"TRUE"
"DELN","NBRK",0,4.02297273968807,1.85,"FALSE"
"DELN","NCON",0,27.3988723357411,4.5,"FALSE"
"DELN","ORIN",0,13.5682397968346,3.1,"FALSE"
"DELN","PHIL",0,21.891886983066,3.9,"FALSE"
"DELN","PITT",0,31.8661177562779,5,"FALSE"
"DELN","PLZA",0,1.84276127770904,1.85,"FALSE"
"DELN","POWL",0,17.2132515016449,4.3,"TRUE"
"DELN","RICH",0,2.10837811290619,1.85,"FALSE"
"DELN","ROCK",0,9.18111308196057,2.3,"FALSE"
"DELN","SANL",0,17.8006514078762,3.4,"FALSE"
"DELN","SBRN",0,29.6659603588539,5.15,"TRUE"
"DELN","SFIA",0,31.6492679957009,9.65,"TRUE"
"DELN","SHAY",0,26.1663409617844,4.2,"FALSE"
"DELN","SSAN",0,27.2804413189524,4.9,"TRUE"
"DELN","UCTY",0,29.878184705328,4.65,"FALSE"
"DELN","WCRK",0,20.2019254842812,3.8,"FALSE"
"DELN","WDUB",0,31.3286985679296,4.8,"FALSE"
"DELN","WOAK",0,10.7837169515542,2.6,"FALSE"
"DUBL","12TH",0,23.3298126200919,4.25,"FALSE"
"DUBL","16TH",0,32.4655063838115,6,"TRUE"
"DUBL","19TH",0,23.6523021297439,4.25,"FALSE"
"DUBL","24TH",0,33.3513934204871,6.05,"TRUE"
"DUBL","ASHB",0,26.7756441832226,4.5,"FALSE"
"DUBL","BALB",0,35.9854243988769,6.25,"TRUE"
"DUBL","BAYF",0,12.4771744211409,1.85,"FALSE"
"DUBL","CAST",0,9.63081546680346,1.85,"FALSE"
"DUBL","CIVC",0,31.4162007903047,5.95,"TRUE"
"DUBL","COLM",0,39.0893771946664,6.35,"TRUE"
"DUBL","COLS",0,17.9801740804528,3.8,"FALSE"
"DUBL","CONC",0,42.6380440278216,6.1,"FALSE"
"DUBL","DALY",0,37.5996059274161,6.4,"TRUE"
"DUBL","DBRK",0,27.9411460933324,4.55,"FALSE"
"DUBL","DELN",0,32.8542000961544,4.95,"FALSE"
"DUBL","DUBL",0,0,5.55,"FALSE"
"DUBL","EMBR",0,30.1018689663214,5.95,"TRUE"
"DUBL","FRMT",0,25.2389374508882,4.65,"FALSE"
"DUBL","FTVL",0,20.0476514390931,4,"FALSE"
"DUBL","GLEN",0,34.935742327133,6.2,"TRUE"
"DUBL","HAYW",0,15.2984273015974,3.6,"FALSE"
"DUBL","LAFY",0,34.2985156483917,5.2,"FALSE"
"DUBL","LAKE",0,22.791952109392,4.25,"FALSE"
"DUBL","MCAR",0,25.072672872877,4.35,"FALSE"
"DUBL","MLBR",0,46.4100444239305,7.1,"TRUE"
"DUBL","MONT",0,30.4638234505087,5.95,"TRUE"
"DUBL","NBRK",0,28.8312273564663,4.6,"FALSE"
"DUBL","NCON",0,44.6900179853409,6.3,"FALSE"
"DUBL","ORIN",0,30.8593854464343,4.85,"FALSE"
"DUBL","PHIL",0,39.1830326326657,5.7,"FALSE"
"DUBL","PITT",0,49.1572634058776,6.8,"FALSE"
"DUBL","PLZA",0,31.0114388184454,4.8,"FALSE"
"DUBL","POWL",0,30.8827566449444,5.95,"TRUE"
"DUBL","RICH",0,34.9625782090606,5.15,"FALSE"
"DUBL","ROCK",0,26.4722587315603,4.35,"FALSE"
"DUBL","SANL",0,15.0535486882783,3.55,"FALSE"
"DUBL","SBRN",0,43.3354655021535,6.8,"TRUE"
"DUBL","SFIA",0,45.3187731390004,11.25,"TRUE"
"DUBL","SHAY",0,18.2664897079115,3.85,"FALSE"
"DUBL","SSAN",0,40.9499464622519,6.55,"TRUE"
"DUBL","UCTY",0,21.9783334514551,4.35,"FALSE"
"DUBL","WCRK",0,37.4930711338809,5.55,"FALSE"
"DUBL","WDUB",0,1.52550152822505,1.85,"FALSE"
"DUBL","WOAK",0,24.4532220948537,4.35,"FALSE"
"EMBR","12TH",0,6.90797634695919,3.3,"TRUE"
"EMBR","16TH",0,2.36363741749003,1.85,"FALSE"
"EMBR","19TH",0,7.23046585661117,3.3,"TRUE"
"EMBR","24TH",0,3.24952445416563,1.85,"FALSE"
"EMBR","ASHB",0,10.3538079100899,3.75,"TRUE"
"EMBR","BALB",0,5.8835554325555,1.9,"FALSE"
"EMBR","BAYF",0,17.6246945451806,4.6,"TRUE"
"EMBR","CAST",0,20.4710534995181,4.85,"TRUE"
"EMBR","CIVC",0,1.31433182398323,1.85,"FALSE"
"EMBR","COLM",0,8.98750822834493,3.5,"FALSE"
"EMBR","COLS",0,12.1216948858687,4.05,"TRUE"
"EMBR","CONC",0,26.2162077546888,5.65,"TRUE"
"EMBR","DALY",0,7.49773696109471,3.15,"FALSE"
"EMBR","DBRK",0,11.5193098201997,3.9,"TRUE"
"EMBR","DELN",0,16.4323638230216,4.3,"TRUE"
"EMBR","DUBL",0,30.1018689663215,5.95,"TRUE"
"EMBR","EMBR",0,0,5.55,"FALSE"
"EMBR","FRMT",0,30.386457574928,5.95,"TRUE"
"EMBR","FTVL",0,10.0542175272283,3.75,"TRUE"
"EMBR","GLEN",0,4.83387336081161,1.85,"FALSE"
"EMBR","HAYW",0,20.4459474256372,4.85,"TRUE"
"EMBR","LAFY",0,17.876679375259,4.75,"TRUE"
"EMBR","LAKE",0,7.30991685692935,3.3,"TRUE"
"EMBR","MCAR",0,8.65083659974429,3.5,"TRUE"
"EMBR","MLBR",0,16.3081754576091,4.5,"FALSE"
"EMBR","MONT",0,0.361954484187291,1.85,"FALSE"
"EMBR","NBRK",0,12.4093910833336,4,"TRUE"
"EMBR","NCON",0,28.2681817122081,5.8,"TRUE"
"EMBR","ORIN",0,14.4375491733016,4.4,"TRUE"
"EMBR","PHIL",0,22.761196359533,5.25,"TRUE"
"EMBR","PITT",0,32.7354271327448,6.3,"TRUE"
"EMBR","PLZA",0,14.5896025453127,4.15,"TRUE"
"EMBR","POWL",0,0.780887678623018,1.85,"FALSE"
"EMBR","RICH",0,18.5407419359278,4.5,"TRUE"
"EMBR","ROCK",0,10.0504224584275,3.75,"TRUE"
"EMBR","SANL",0,15.0483202780431,4.35,"TRUE"
"EMBR","SBRN",0,13.233596535832,4.15,"FALSE"
"EMBR","SFIA",0,15.216904172679,8.65,"FALSE"
"EMBR","SHAY",0,23.4140098319513,5.15,"TRUE"
"EMBR","SSAN",0,10.8480774959305,3.8,"FALSE"
"EMBR","UCTY",0,27.1258535754949,5.6,"TRUE"
"EMBR","WCRK",0,21.0712348607482,5.1,"TRUE"
"EMBR","WDUB",0,28.5763674380965,5.75,"TRUE"
"EMBR","WOAK",0,5.6486468714677,3.1,"TRUE"
"FRMT","12TH",0,23.6144012286983,4.3,"FALSE"
"FRMT","16TH",0,32.7500949924178,6,"TRUE"
"FRMT","19TH",0,23.9368907383503,4.3,"FALSE"
"FRMT","24TH",0,33.6359820290934,6.05,"TRUE"
"FRMT","ASHB",0,27.060232791829,4.5,"FALSE"
"FRMT","BALB",0,36.2700130074833,6.3,"TRUE"
"FRMT","BAYF",0,12.7617630297472,1.85,"FALSE"
"FRMT","CAST",0,15.6081219840847,3.6,"FALSE"
"FRMT","CIVC",0,31.700789398911,5.95,"TRUE"
"FRMT","COLM",0,39.3739658032727,6.35,"TRUE"
"FRMT","COLS",0,18.2647626890592,3.85,"FALSE"
"FRMT","CONC",0,42.9226326364279,6.1,"FALSE"
"FRMT","DALY",0,37.8841945360225,6.4,"TRUE"
"FRMT","DBRK",0,28.2257347019388,4.6,"FALSE"
"FRMT","DELN",0,33.1387887047607,5,"FALSE"
"FRMT","DUBL",0,25.2389374508881,4.65,"FALSE"
"FRMT","EMBR",0,30.3864575749278,5.95,"TRUE"
"FRMT","FRMT",0,0,5.55,"FALSE"
"FRMT","FTVL",0,20.3322400476994,4.05,"FALSE"
"FRMT","GLEN",0,35.2203309357394,6.2,"TRUE"
"FRMT","HAYW",0,9.94051014929088,1.85,"FALSE"
"FRMT","LAFY",0,34.5831042569981,5.25,"FALSE"
"FRMT","LAKE",0,23.0765407179984,4.3,"FALSE"
"FRMT","MCAR",0,25.3572614814834,4.35,"FALSE"
"FRMT","MLBR",0,46.6946330325369,7.1,"TRUE"
"FRMT","MONT",0,30.7484120591151,5.95,"TRUE"
"FRMT","NBRK",0,29.1158159650727,4.6,"FALSE"
"FRMT","NCON",0,44.9746065939472,6.3,"FALSE"
"FRMT","ORIN",0,31.1439740550407,4.85,"FALSE"
"FRMT","PHIL",0,39.4676212412721,5.7,"FALSE"
"FRMT","PITT",0,49.4418520144839,6.8,"FALSE"
"FRMT","PLZA",0,31.2960274270518,4.8,"FALSE"
"FRMT","POWL",0,31.1673452535508,5.95,"TRUE"
"FRMT","RICH",0,35.2471668176669,5.15,"FALSE"
"FRMT","ROCK",0,26.7568473401666,4.35,"FALSE"
"FRMT","SANL",0,15.3381372968846,3.55,"FALSE"
"FRMT","SBRN",0,43.6200541107598,6.8,"TRUE"
"FRMT","SFIA",0,45.6033617476068,11.25,"TRUE"
"FRMT","SHAY",0,6.97244774297668,1.85,"FALSE"
"FRMT","SSAN",0,41.2345350708583,6.55,"TRUE"
"FRMT","UCTY",0,3.26060399943308,1.85,"FALSE"
"FRMT","WCRK",0,37.7776597424873,5.6,"FALSE"
"FRMT","WDUB",0,23.7134359226631,4.5,"FALSE"
"FRMT","WOAK",0,24.7378107034601,4.4,"FALSE"
"FTVL","12TH",0,3.28216118099885,1.85,"FALSE"
"FTVL","16TH",0,12.4178549447184,3.9,"TRUE"
"FTVL","19TH",0,3.60465069065082,1.85,"FALSE"
"FTVL","24TH",0,13.303741981394,4,"TRUE"
"FTVL","ASHB",0,6.72799274412956,2.05,"FALSE"
"FTVL","BALB",0,15.9377729597839,4.25,"TRUE"
"FTVL","BAYF",0,7.57047701795235,2.35,"FALSE"
"FTVL","CAST",0,10.4168359722898,2.75,"FALSE"
"FTVL","CIVC",0,11.3685493512116,3.75,"TRUE"
"FTVL","COLM",0,19.0417257555733,4.3,"TRUE"
"FTVL","COLS",0,2.0674773586404,1.85,"FALSE"
"FTVL","CONC",0,22.5903925887285,4.05,"FALSE"
"FTVL","DALY",0,17.5519544883231,4.35,"TRUE"
"FTVL","DBRK",0,7.89349465423932,2.2,"FALSE"
"FTVL","DELN",0,12.8065486570613,2.9,"FALSE"
"FTVL","DUBL",0,20.0476514390933,4,"FALSE"
"FTVL","EMBR",0,10.0542175272284,3.75,"TRUE"
"FTVL","FRMT",0,20.3322400476997,4.05,"FALSE"
"FTVL","FTVL",0,0,5.55,"FALSE"
"FTVL","GLEN",0,14.88809088804,4.15,"TRUE"
"FTVL","HAYW",0,10.3917298984089,2.75,"FALSE"
"FTVL","LAFY",0,14.2508642092986,3.2,"FALSE"
"FTVL","LAKE",0,2.74430067029897,1.85,"FALSE"
"FTVL","MCAR",0,5.02502143378395,1.85,"FALSE"
"FTVL","MLBR",0,26.3623929848374,5.05,"TRUE"
"FTVL","MONT",0,10.4161720114156,3.75,"TRUE"
"FTVL","NBRK",0,8.78357591737325,2.35,"FALSE"
"FTVL","NCON",0,24.6423665462478,4.25,"FALSE"
"FTVL","ORIN",0,10.8117340073413,2.65,"FALSE"
"FTVL","PHIL",0,19.1353811935726,3.65,"FALSE"
"FTVL","PITT",0,29.1096119667845,4.75,"FALSE"
"FTVL","PLZA",0,10.9637873793523,2.65,"FALSE"
"FTVL","POWL",0,10.8351052058514,3.75,"TRUE"
"FTVL","RICH",0,14.9149267699675,3.1,"FALSE"
"FTVL","ROCK",0,6.4246072924672,1.9,"FALSE"
"FTVL","SANL",0,4.99410275081481,1.85,"FALSE"
"FTVL","SBRN",0,23.2878140630604,4.75,"TRUE"
"FTVL","SFIA",0,25.2711216999073,9.2,"TRUE"
"FTVL","SHAY",0,13.359792304723,3.2,"FALSE"
"FTVL","SSAN",0,20.9022950231588,4.5,"TRUE"
"FTVL","UCTY",0,17.0716360482666,3.7,"FALSE"
"FTVL","WCRK",0,17.4454196947878,3.55,"FALSE"
"FTVL","WDUB",0,18.5221499108682,3.85,"FALSE"
"FTVL","WOAK",0,4.40557065576064,1.85,"FALSE"
"GLEN","12TH",0,11.7418497077706,3.85,"TRUE"
"GLEN","16TH",0,2.4702359433214,1.85,"FALSE"
"GLEN","19TH",0,12.0643392174225,3.85,"TRUE"
"GLEN","24TH",0,1.58434890664586,1.85,"FALSE"
"GLEN","ASHB",0,15.1876812709013,4.1,"TRUE"
"GLEN","BALB",0,1.04968207174389,1.85,"FALSE"
"GLEN","BAYF",0,22.458567905992,4.85,"TRUE"
"GLEN","CAST",0,25.3049268603295,5.15,"TRUE"
"GLEN","CIVC",0,3.51954153682799,1.85,"FALSE"
"GLEN","COLM",0,4.15363486753332,3.1,"FALSE"
"GLEN","COLS",0,16.9555682466801,4.35,"TRUE"
"GLEN","CONC",0,31.0500811155002,5.9,"TRUE"
"GLEN","DALY",0,2.6638636002831,2.95,"FALSE"
"GLEN","DBRK",0,16.353183181011,4.2,"TRUE"
"GLEN","DELN",0,21.266237183833,4.6,"TRUE"
"GLEN","DUBL",0,34.9357423271329,6.2,"TRUE"
"GLEN","EMBR",0,4.83387336081138,1.85,"FALSE"
"GLEN","FRMT",0,35.2203309357393,6.2,"TRUE"
"GLEN","FTVL",0,14.8880908880397,4.15,"TRUE"
"GLEN","GLEN",0,0,5.55,"FALSE"
"GLEN","HAYW",0,25.2798207864485,5.1,"TRUE"
"GLEN","LAFY",0,22.7105527360704,5,"TRUE"
"GLEN","LAKE",0,12.1437902177407,3.85,"TRUE"
"GLEN","MCAR",0,13.4847099605557,4,"TRUE"
"GLEN","MLBR",0,11.4743020967975,4.15,"FALSE"
"GLEN","MONT",0,4.47191887662408,1.85,"FALSE"
"GLEN","NBRK",0,17.243264444145,4.25,"TRUE"
"GLEN","NCON",0,33.1020550730195,6.1,"TRUE"
"GLEN","ORIN",0,19.271422534113,4.65,"TRUE"
"GLEN","PHIL",0,27.5950697203443,5.5,"TRUE"
"GLEN","PITT",0,37.5693004935562,6.6,"TRUE"
"GLEN","PLZA",0,19.4234759061241,4.45,"TRUE"
"GLEN","POWL",0,4.0529856821882,1.85,"FALSE"
"GLEN","RICH",0,23.3746152967392,4.8,"TRUE"
"GLEN","ROCK",0,14.8842958192389,4.1,"TRUE"
"GLEN","SANL",0,19.8821936388545,4.65,"TRUE"
"GLEN","SBRN",0,8.39972317502043,3.65,"FALSE"
"GLEN","SFIA",0,10.3830308118674,8.25,"FALSE"
"GLEN","SHAY",0,28.2478831927627,5.4,"TRUE"
"GLEN","SSAN",0,6.01420413511887,3.3,"FALSE"
"GLEN","UCTY",0,31.9597269363062,5.9,"TRUE"
"GLEN","WCRK",0,25.9051082215595,5.35,"TRUE"
"GLEN","WDUB",0,33.4102407989079,6.05,"TRUE"
"GLEN","WOAK",0,10.4825202322791,3.65,"TRUE"
"HAYW","12TH",0,13.6738910794074,3.2,"FALSE"
"HAYW","16TH",0,22.8095848431269,4.95,"TRUE"
"HAYW","19TH",0,13.9963805890594,3.2,"FALSE"
"HAYW","24TH",0,23.6954718798025,5,"TRUE"
"HAYW","ASHB",0,17.1197226425381,3.4,"FALSE"
"HAYW","BALB",0,26.3295028581924,5.2,"TRUE"
"HAYW","BAYF",0,2.82125288045635,1.85,"FALSE"
"HAYW","CAST",0,5.66761183479381,1.85,"FALSE"
"HAYW","CIVC",0,21.7602792496201,4.85,"TRUE"
"HAYW","COLM",0,29.4334556539818,5.3,"TRUE"
"HAYW","COLS",0,8.32425253976828,2.45,"FALSE"
"HAYW","CONC",0,32.9821224871371,5.05,"FALSE"
"HAYW","DALY",0,27.9436843867316,5.3,"TRUE"
"HAYW","DBRK",0,18.2852245526479,3.5,"FALSE"
"HAYW","DELN",0,23.1982785554699,3.9,"FALSE"
"HAYW","DUBL",0,15.2984273015973,3.6,"FALSE"
"HAYW","EMBR",0,20.4459474256369,4.85,"TRUE"
"HAYW","FRMT",0,9.94051014929081,1.85,"FALSE"
"HAYW","FTVL",0,10.3917298984086,2.75,"FALSE"
"HAYW","GLEN",0,25.2798207864485,5.1,"TRUE"
"HAYW","HAYW",0,0,5.55,"FALSE"
"HAYW","LAFY",0,24.6425941077072,4.15,"FALSE"
"HAYW","LAKE",0,13.1360305687075,3.2,"FALSE"
"HAYW","MCAR",0,15.4167513321925,3.3,"FALSE"
"HAYW","MLBR",0,36.754122883246,6.05,"TRUE"
"HAYW","MONT",0,20.8079019098242,4.85,"TRUE"
"HAYW","NBRK",0,19.1753058157818,3.55,"FALSE"
"HAYW","NCON",0,35.0340964446563,5.2,"FALSE"
"HAYW","ORIN",0,21.2034639057498,3.75,"FALSE"
"HAYW","PHIL",0,29.5271110919812,4.65,"FALSE"
"HAYW","PITT",0,39.501341865193,5.7,"FALSE"
"HAYW","PLZA",0,21.3555172777609,3.75,"FALSE"
"HAYW","POWL",0,21.2268351042599,4.85,"TRUE"
"HAYW","RICH",0,25.306656668376,4.1,"FALSE"
"HAYW","ROCK",0,16.8163371908758,3.3,"FALSE"
"HAYW","SANL",0,5.39762714759376,1.85,"FALSE"
"HAYW","SBRN",0,33.6795439614689,5.7,"TRUE"
"HAYW","SFIA",0,35.6628515983159,10.2,"TRUE"
"HAYW","SHAY",0,2.96806240631416,1.85,"FALSE"
"HAYW","SSAN",0,31.2940249215674,5.45,"TRUE"
"HAYW","UCTY",0,6.67990614985771,1.85,"FALSE"
"HAYW","WCRK",0,27.8371495931964,4.5,"FALSE"
"HAYW","WDUB",0,13.7729257733722,3.45,"FALSE"
"HAYW","WOAK",0,14.7973005541692,3.3,"FALSE"
"LAFY","12TH",0,10.9687030282999,2.95,"FALSE"
"LAFY","16TH",0,20.2403167927492,4.8,"TRUE"
"LAFY","19TH",0,10.6462135186478,2.95,"FALSE"
"LAFY","24TH",0,21.1262038294248,4.85,"TRUE"
"LAFY","ASHB",0,10.9288140858602,2.85,"FALSE"
"LAFY","BALB",0,23.7602348078146,5.1,"TRUE"
"LAFY","BAYF",0,21.821341227251,3.9,"FALSE"
"LAFY","CAST",0,24.6677001815885,4.15,"FALSE"
"LAFY","CIVC",0,19.1910111992424,4.75,"TRUE"
"LAFY","COLM",0,26.8641876036041,5.15,"TRUE"
"LAFY","COLS",0,16.3183415679391,3.35,"FALSE"
"LAFY","CONC",0,8.33952837942985,1.85,"FALSE"
"LAFY","DALY",0,25.3744163363539,5.2,"TRUE"
"LAFY","DBRK",0,12.09431599597,3,"FALSE"
"LAFY","DELN",0,17.0073699987919,3.45,"FALSE"
"LAFY","DUBL",0,34.2985156483919,5.2,"FALSE"
"LAFY","EMBR",0,17.8766793752591,4.75,"TRUE"
"LAFY","FRMT",0,34.5831042569983,5.25,"FALSE"
"LAFY","FTVL",0,14.2508642092987,3.2,"FALSE"
"LAFY","GLEN",0,22.7105527360708,5,"TRUE"
"LAFY","HAYW",0,24.6425941077075,4.15,"FALSE"
"LAFY","LAFY",0,0,5.55,"FALSE"
"LAFY","LAKE",0,11.5065635389997,2.95,"FALSE"
"LAFY","MCAR",0,9.22584277551459,2.8,"FALSE"
"LAFY","MLBR",0,34.1848548328682,5.9,"TRUE"
"LAFY","MONT",0,18.2386338594464,4.75,"TRUE"
"LAFY","NBRK",0,12.9843972591039,3.1,"FALSE"
"LAFY","NCON",0,10.3915023369491,2.95,"FALSE"
"LAFY","ORIN",0,3.43913020195746,1.85,"FALSE"
"LAFY","PHIL",0,4.88451698427398,1.85,"FALSE"
"LAFY","PITT",0,14.8587477574858,3.55,"FALSE"
"LAFY","PLZA",0,15.164608721083,3.3,"FALSE"
"LAFY","POWL",0,18.6575670538822,4.75,"TRUE"
"LAFY","RICH",0,19.1157481116981,3.65,"FALSE"
"LAFY","ROCK",0,7.82625691683147,2.6,"FALSE"
"LAFY","SANL",0,19.2449669601135,3.65,"FALSE"
"LAFY","SBRN",0,31.1102759110912,5.6,"TRUE"
"LAFY","SFIA",0,33.0935835479381,10.05,"TRUE"
"LAFY","SHAY",0,27.6106565140217,4.45,"FALSE"
"LAFY","SSAN",0,28.7247568711896,5.35,"TRUE"
"LAFY","UCTY",0,31.3225002575652,4.9,"FALSE"
"LAFY","WCRK",0,3.19455548548919,1.85,"FALSE"
"LAFY","WDUB",0,32.7730141201669,5.05,"FALSE"
"LAFY","WOAK",0,12.2280325037914,3.15,"FALSE"
"LAKE","12TH",0,0.53786051069988,1.85,"FALSE"
"LAKE","16TH",0,9.67355427441941,3.5,"TRUE"
"LAKE","19TH",0,0.860350020351854,1.85,"FALSE"
"LAKE","24TH",0,10.559441311095,3.6,"TRUE"
"LAKE","ASHB",0,3.98369207383059,1.85,"FALSE"
"LAKE","BALB",0,13.1934722894849,3.95,"TRUE"
"LAKE","BAYF",0,10.3147776882513,2.75,"FALSE"
"LAKE","CAST",0,13.1611366425887,3.2,"FALSE"
"LAKE","CIVC",0,8.62424868091261,3.3,"TRUE"
"LAKE","COLM",0,16.2974250852743,4.05,"TRUE"
"LAKE","COLS",0,4.81177802893933,1.85,"FALSE"
"LAKE","CONC",0,19.8460919184295,3.9,"FALSE"
"LAKE","DALY",0,14.8076538180241,4.1,"TRUE"
"LAKE","DBRK",0,5.14919398394036,1.85,"FALSE"
"LAKE","DELN",0,10.0622479867623,2.45,"FALSE"
"LAKE","DUBL",0,22.7919521093922,4.25,"FALSE"
"LAKE","EMBR",0,7.30991685692938,3.3,"TRUE"
"LAKE","FRMT",0,23.0765407179986,4.3,"FALSE"
"LAKE","FTVL",0,2.74430067029892,1.85,"FALSE"
"LAKE","GLEN",0,12.143790217741,3.85,"TRUE"
"LAKE","HAYW",0,13.1360305687078,3.2,"FALSE"
"LAKE","LAFY",0,11.5065635389997,2.95,"FALSE"
"LAKE","LAKE",0,0,5.55,"FALSE"
"LAKE","MCAR",0,2.28072076348498,1.85,"FALSE"
"LAKE","MLBR",0,23.6180923145384,4.8,"TRUE"
"LAKE","MONT",0,7.67187134111667,3.3,"TRUE"
"LAKE","NBRK",0,6.03927524707428,1.9,"FALSE"
"LAKE","NCON",0,21.8980658759488,4.1,"FALSE"
"LAKE","ORIN",0,8.0674333370423,2.35,"FALSE"
"LAKE","PHIL",0,16.3910805232737,3.55,"FALSE"
"LAKE","PITT",0,26.3653112964855,4.6,"FALSE"
"LAKE","PLZA",0,8.21948670905338,2.2,"FALSE"
"LAKE","POWL",0,8.0908045355524,3.3,"TRUE"
"LAKE","RICH",0,12.1706260996685,2.8,"FALSE"
"LAKE","ROCK",0,3.68030662216823,1.85,"FALSE"
"LAKE","SANL",0,7.73840342111373,2.4,"FALSE"
"LAKE","SBRN",0,20.5435133927614,4.5,"TRUE"
"LAKE","SFIA",0,22.5268210296084,8.95,"TRUE"
"LAKE","SHAY",0,16.1040929750219,3.5,"FALSE"
"LAKE","SSAN",0,18.1579943528599,4.25,"TRUE"
"LAKE","UCTY",0,19.8159367185655,3.95,"FALSE"
"LAKE","WCRK",0,14.7011190244889,3.4,"FALSE"
"LAKE","WDUB",0,21.2664505811671,4.1,"FALSE"
"LAKE","WOAK",0,1.66126998546167,1.85,"FALSE"
"MCAR","12TH",0,1.74286025278536,1.85,"FALSE"
"MCAR","16TH",0,11.0144740172346,3.7,"TRUE"
"MCAR","19TH",0,1.42037074313319,1.85,"FALSE"
"MCAR","24TH",0,11.9003610539102,3.8,"TRUE"
"MCAR","ASHB",0,1.70297131034561,1.85,"FALSE"
"MCAR","BALB",0,14.5343920323001,4.05,"TRUE"
"MCAR","BAYF",0,12.5954984517364,2.95,"FALSE"
"MCAR","CAST",0,15.4418574060739,3.3,"FALSE"
"MCAR","CIVC",0,9.96516842372778,3.5,"TRUE"
"MCAR","COLM",0,17.6383448280895,4.15,"TRUE"
"MCAR","COLS",0,7.09249879242449,2.15,"FALSE"
"MCAR","CONC",0,17.5653711549445,3.9,"FALSE"
"MCAR","DALY",0,16.1485735608393,4.2,"TRUE"
"MCAR","DBRK",0,2.86847322045538,1.85,"FALSE"
"MCAR","DELN",0,7.78152722327735,2.25,"FALSE"
"MCAR","DUBL",0,25.0726728728773,4.35,"FALSE"
"MCAR","EMBR",0,8.65083659974456,3.5,"TRUE"
"MCAR","FRMT",0,25.3572614814838,4.35,"FALSE"
"MCAR","FTVL",0,5.02502143378408,1.85,"FALSE"
"MCAR","GLEN",0,13.4847099605562,4,"TRUE"
"MCAR","HAYW",0,15.416751332193,3.3,"FALSE"
"MCAR","LAFY",0,9.22584277551469,2.8,"FALSE"
"MCAR","LAKE",0,2.28072076348516,1.85,"FALSE"
"MCAR","MCAR",0,0,5.55,"FALSE"
"MCAR","MLBR",0,24.9590120573536,4.9,"TRUE"
"MCAR","MONT",0,9.01279108393185,3.5,"TRUE"
"MCAR","NBRK",0,3.7585544835893,1.85,"FALSE"
"MCAR","NCON",0,19.6173451124638,4.1,"FALSE"
"MCAR","ORIN",0,5.78671257355732,1.85,"FALSE"
"MCAR","PHIL",0,14.1103597597887,3.5,"FALSE"
"MCAR","PITT",0,24.0845905330005,4.6,"FALSE"
"MCAR","PLZA",0,5.9387659455684,2,"FALSE"
"MCAR","POWL",0,9.43172427836758,3.5,"TRUE"
"MCAR","RICH",0,9.88990533618354,2.6,"FALSE"
"MCAR","ROCK",0,1.39958585868326,1.85,"FALSE"
"MCAR","SANL",0,10.0191241845989,2.6,"FALSE"
"MCAR","SBRN",0,21.8844331355766,4.6,"TRUE"
"MCAR","SFIA",0,23.8677407724236,9.05,"TRUE"
"MCAR","SHAY",0,18.3848137385071,3.55,"FALSE"
"MCAR","SSAN",0,19.498914095675,4.35,"TRUE"
"MCAR","UCTY",0,22.0966574820507,4.05,"FALSE"
"MCAR","WCRK",0,12.4203982610039,3.3,"FALSE"
"MCAR","WDUB",0,23.5471713446523,4.2,"FALSE"
"MCAR","WOAK",0,3.00218972827685,1.85,"FALSE"
"MLBR","12TH",0,23.2161518045679,4.8,"TRUE"
"MLBR","16TH",0,13.9445380401187,4.45,"FALSE"
"MLBR","19TH",0,23.5386413142199,4.8,"TRUE"
"MLBR","24TH",0,13.0586510034432,4.4,"FALSE"
"MLBR","ASHB",0,26.6619833676986,5,"TRUE"
"MLBR","BALB",0,10.4246200250534,4.05,"FALSE"
"MLBR","BAYF",0,33.9328700027893,5.75,"TRUE"
"MLBR","CAST",0,36.7792289571268,6.05,"TRUE"
"MLBR","CIVC",0,14.9938436336253,4.5,"FALSE"
"MLBR","COLM",0,7.32066722926399,3.6,"FALSE"
"MLBR","COLS",0,28.4298703434774,5.25,"TRUE"
"MLBR","CONC",0,42.5243832122975,6.8,"TRUE"
"MLBR","DALY",0,8.81043849651422,3.8,"FALSE"
"MLBR","DBRK",0,27.8274852778084,5.1,"TRUE"
"MLBR","DELN",0,32.7405392806303,5.5,"TRUE"
"MLBR","DUBL",0,46.4100444239302,7.1,"TRUE"
"MLBR","EMBR",0,16.3081754576087,4.5,"FALSE"
"MLBR","FRMT",0,46.6946330325366,7.1,"TRUE"
"MLBR","FTVL",0,26.362392984837,5.05,"TRUE"
"MLBR","GLEN",0,11.4743020967973,4.15,"FALSE"
"MLBR","HAYW",0,36.7541228832458,6.05,"TRUE"
"MLBR","LAFY",0,34.1848548328677,5.9,"TRUE"
"MLBR","LAKE",0,23.618092314538,4.8,"TRUE"
"MLBR","MCAR",0,24.959012057353,4.9,"TRUE"
"MLBR","MLBR",0,0,5.55,"FALSE"
"MLBR","MONT",0,15.9462209734214,4.5,"FALSE"
"MLBR","NBRK",0,28.7175665409423,5.15,"TRUE"
"MLBR","NCON",0,44.5763571698168,7,"TRUE"
"MLBR","ORIN",0,30.7457246309103,5.55,"TRUE"
"MLBR","PHIL",0,39.0693718171417,6.4,"TRUE"
"MLBR","PITT",0,49.0436025903535,7.5,"TRUE"
"MLBR","PLZA",0,30.8977780029214,5.35,"TRUE"
"MLBR","POWL",0,15.5272877789855,4.5,"FALSE"
"MLBR","RICH",0,34.8489173935365,5.7,"TRUE"
"MLBR","ROCK",0,26.3585979160362,5,"TRUE"
"MLBR","SANL",0,31.3564957356518,5.55,"TRUE"
"MLBR","SBRN",0,3.07457892177715,3.1,"FALSE"
"MLBR","SFIA",0,1.15703045004117,4.25,"FALSE"
"MLBR","SHAY",0,39.72218528956,6.3,"TRUE"
"MLBR","SSAN",0,5.46009796167854,3.1,"FALSE"
"MLBR","UCTY",0,43.4340290331035,6.8,"TRUE"
"MLBR","WCRK",0,37.3794103183569,6.25,"TRUE"
"MLBR","WDUB",0,44.8845428957052,6.95,"TRUE"
"MLBR","WOAK",0,21.9568223290764,4.7,"TRUE"
"MONT","12TH",0,7.26993083114649,3.3,"TRUE"
"MONT","16TH",0,2.00168293330274,1.85,"FALSE"
"MONT","19TH",0,7.59242034079847,3.3,"TRUE"
"MONT","24TH",0,2.88756996997834,1.85,"FALSE"
"MONT","ASHB",0,10.7157623942772,3.75,"TRUE"
"MONT","BALB",0,5.52160094836821,1.9,"FALSE"
"MONT","BAYF",0,17.9866490293679,4.6,"TRUE"
"MONT","CAST",0,20.8330079837054,4.85,"TRUE"
"MONT","CIVC",0,0.952377339795935,1.85,"FALSE"
"MONT","COLM",0,8.62555374415764,3.5,"FALSE"
"MONT","COLS",0,12.483649370056,4.05,"TRUE"
"MONT","CONC",0,26.5781622388761,5.65,"TRUE"
"MONT","DALY",0,7.13578247690742,3.15,"FALSE"
"MONT","DBRK",0,11.881264304387,3.9,"TRUE"
"MONT","DELN",0,16.7943183072089,4.3,"TRUE"
"MONT","DUBL",0,30.4638234505088,5.95,"TRUE"
"MONT","EMBR",0,0.3619544841873,1.85,"FALSE"
"MONT","FRMT",0,30.7484120591153,5.95,"TRUE"
"MONT","FTVL",0,10.4161720114156,3.75,"TRUE"
"MONT","GLEN",0,4.47191887662432,1.85,"FALSE"
"MONT","HAYW",0,20.8079019098244,4.85,"TRUE"
"MONT","LAFY",0,18.2386338594463,4.75,"TRUE"
"MONT","LAKE",0,7.67187134111665,3.3,"TRUE"
"MONT","MCAR",0,9.01279108393159,3.5,"TRUE"
"MONT","MLBR",0,15.9462209734218,4.5,"FALSE"
"MONT","MONT",0,0,5.55,"FALSE"
"MONT","NBRK",0,12.7713455675209,4,"TRUE"
"MONT","NCON",0,28.6301361963954,5.8,"TRUE"
"MONT","ORIN",0,14.7995036574889,4.4,"TRUE"
"MONT","PHIL",0,23.1231508437203,5.25,"TRUE"
"MONT","PITT",0,33.0973816169321,6.3,"TRUE"
"MONT","PLZA",0,14.9515570295,4.15,"TRUE"
"MONT","POWL",0,0.418933194435726,1.85,"FALSE"
"MONT","RICH",0,18.9026964201151,4.5,"TRUE"
"MONT","ROCK",0,10.4123769426148,3.75,"TRUE"
"MONT","SANL",0,15.4102747622304,4.35,"TRUE"
"MONT","SBRN",0,12.8716420516447,4.15,"FALSE"
"MONT","SFIA",0,14.8549496884917,8.65,"FALSE"
"MONT","SHAY",0,23.7759643161386,5.15,"TRUE"
"MONT","SSAN",0,10.4861230117432,3.8,"FALSE"
"MONT","UCTY",0,27.4878080596822,5.6,"TRUE"
"MONT","WCRK",0,21.4331893449355,5.1,"TRUE"
"MONT","WDUB",0,28.9383219222838,5.75,"TRUE"
"MONT","WOAK",0,6.010601355655,3.1,"TRUE"
"NBRK","12TH",0,5.50141473637461,1.9,"FALSE"
"NBRK","16TH",0,14.7730285008238,4.05,"TRUE"
"NBRK","19TH",0,5.17892522672244,1.9,"FALSE"
"NBRK","24TH",0,15.6589155374994,4.1,"TRUE"
"NBRK","ASHB",0,2.05558317324345,1.85,"FALSE"
"NBRK","BALB",0,18.2929465158893,4.3,"TRUE"
"NBRK","BAYF",0,16.3540529353257,3.25,"FALSE"
"NBRK","CAST",0,19.2004118896631,3.55,"FALSE"
"NBRK","CIVC",0,13.723722907317,4,"TRUE"
"NBRK","COLM",0,21.3968993116787,4.4,"TRUE"
"NBRK","COLS",0,10.8510532760137,2.65,"FALSE"
"NBRK","CONC",0,21.3239256385338,4,"FALSE"
"NBRK","DALY",0,19.9071280444285,4.45,"TRUE"
"NBRK","DBRK",0,0.890081263133927,1.85,"FALSE"
"NBRK","DELN",0,4.02297273968805,1.85,"FALSE"
"NBRK","DUBL",0,28.8312273564666,4.6,"FALSE"
"NBRK","EMBR",0,12.4093910833338,4,"TRUE"
"NBRK","FRMT",0,29.115815965073,4.6,"FALSE"
"NBRK","FTVL",0,8.78357591737333,2.35,"FALSE"
"NBRK","GLEN",0,17.2432644441454,4.25,"TRUE"
"NBRK","HAYW",0,19.1753058157822,3.55,"FALSE"
"NBRK","LAFY",0,12.9843972591039,3.1,"FALSE"
"NBRK","LAKE",0,6.03927524707441,1.9,"FALSE"
"NBRK","MCAR",0,3.75855448358925,1.85,"FALSE"
"NBRK","MLBR",0,28.7175665409429,5.15,"TRUE"
"NBRK","MONT",0,12.7713455675211,4,"TRUE"
"NBRK","NBRK",0,0,5.55,"FALSE"
"NBRK","NCON",0,23.3758995960531,4.2,"FALSE"
"NBRK","ORIN",0,9.54526705714657,2.55,"FALSE"
"NBRK","PHIL",0,17.8689142433779,3.6,"FALSE"
"NBRK","PITT",0,27.8431450165898,4.65,"FALSE"
"NBRK","PLZA",0,2.1802114619791,1.85,"FALSE"
"NBRK","POWL",0,13.1902787619568,4,"TRUE"
"NBRK","RICH",0,6.13135085259424,1.85,"FALSE"
"NBRK","ROCK",0,5.15814034227251,1.85,"FALSE"
"NBRK","SANL",0,13.7776786681881,3.05,"FALSE"
"NBRK","SBRN",0,25.6429876191659,4.85,"TRUE"
"NBRK","SFIA",0,27.6262952560128,9.3,"TRUE"
"NBRK","SHAY",0,22.1433682220964,3.85,"FALSE"
"NBRK","SSAN",0,23.2574685792643,4.6,"TRUE"
"NBRK","UCTY",0,25.8552119656399,4.3,"FALSE"
"NBRK","WCRK",0,16.1789527445931,3.45,"FALSE"
"NBRK","WDUB",0,27.3057258282415,4.45,"FALSE"
"NBRK","WOAK",0,6.7607442118661,2.05,"FALSE"
"NCON","12TH",0,21.3602053652489,4.1,"FALSE"
"NCON","16TH",0,30.6318191296981,5.9,"TRUE"
"NCON","19TH",0,21.0377158555967,4.1,"FALSE"
"NCON","24TH",0,31.5177061663737,5.95,"TRUE"
"NCON","ASHB",0,21.3203164228092,4.1,"FALSE"
"NCON","BALB",0,34.1517371447636,6.15,"TRUE"
"NCON","BAYF",0,32.2128435642,4.95,"FALSE"
"NCON","CAST",0,35.0592025185374,5.25,"FALSE"
"NCON","CIVC",0,29.5825135361913,5.8,"TRUE"
"NCON","COLM",0,37.255689940553,6.25,"TRUE"
"NCON","COLS",0,26.709843904888,4.45,"FALSE"
"NCON","CONC",0,2.05197395751939,1.85,"FALSE"
"NCON","DALY",0,35.7659186733028,6.3,"TRUE"
"NCON","DBRK",0,22.4858183329189,4.1,"FALSE"
"NCON","DELN",0,27.3988723357409,4.5,"FALSE"
"NCON","DUBL",0,44.6900179853409,6.3,"FALSE"
"NCON","EMBR",0,28.2681817122081,5.8,"TRUE"
"NCON","FRMT",0,44.9746065939473,6.3,"FALSE"
"NCON","FTVL",0,24.6423665462476,4.25,"FALSE"
"NCON","GLEN",0,33.1020550730197,6.1,"TRUE"
"NCON","HAYW",0,35.0340964446565,5.2,"FALSE"
"NCON","LAFY",0,10.391502336949,2.95,"FALSE"
"NCON","LAKE",0,21.8980658759487,4.1,"FALSE"
"NCON","MCAR",0,19.6173451124635,4.1,"FALSE"
"NCON","MLBR",0,44.5763571698172,7,"TRUE"
"NCON","MONT",0,28.6301361963954,5.8,"TRUE"
"NCON","NBRK",0,23.3758995960528,4.2,"FALSE"
"NCON","NCON",0,0,5.55,"FALSE"
"NCON","ORIN",0,13.8306325389064,3.4,"FALSE"
"NCON","PHIL",0,5.5069853526751,1.85,"FALSE"
"NCON","PITT",0,4.46724542053672,1.85,"FALSE"
"NCON","PLZA",0,25.5561110580319,4.35,"FALSE"
"NCON","POWL",0,29.0490693908311,5.8,"TRUE"
"NCON","RICH",0,29.5072504486471,4.7,"FALSE"
"NCON","ROCK",0,18.2177592537804,3.95,"FALSE"
"NCON","SANL",0,29.6364692970624,4.75,"FALSE"
"NCON","SBRN",0,41.5017782480401,6.7,"TRUE"
"NCON","SFIA",0,43.4850858848871,11.15,"TRUE"
"NCON","SHAY",0,38.0021588509707,5.5,"FALSE"
"NCON","SSAN",0,39.1162592081386,6.45,"TRUE"
"NCON","UCTY",0,41.7140025945142,6,"FALSE"
"NCON","WCRK",0,7.19694685145976,1.85,"FALSE"
"NCON","WDUB",0,43.1645164571158,6.15,"FALSE"
"NCON","WOAK",0,22.6195348407404,4.25,"FALSE"
"ORIN","12TH",0,7.52957282634249,2.35,"FALSE"
"ORIN","16TH",0,16.8011865907917,4.45,"TRUE"
"ORIN","19TH",0,7.20708331669032,2.35,"FALSE"
"ORIN","24TH",0,17.6870736274673,4.5,"TRUE"
"ORIN","ASHB",0,7.48968388390274,2.25,"FALSE"
"ORIN","BALB",0,20.3211046058572,4.7,"TRUE"
"ORIN","BAYF",0,18.3822110252936,3.5,"FALSE"
"ORIN","CAST",0,21.228569979631,3.8,"FALSE"
"ORIN","CIVC",0,15.7518809972849,4.4,"TRUE"
"ORIN","COLM",0,23.4250574016466,4.8,"TRUE"
"ORIN","COLS",0,12.8792113659816,3,"FALSE"
"ORIN","CONC",0,11.7786585813872,1.85,"FALSE"
"ORIN","DALY",0,21.9352861343964,4.85,"TRUE"
"ORIN","DBRK",0,8.65518579401251,2.4,"FALSE"
"ORIN","DELN",0,13.5682397968345,3.1,"FALSE"
"ORIN","DUBL",0,30.8593854464345,4.85,"FALSE"
"ORIN","EMBR",0,14.4375491733017,4.4,"TRUE"
"ORIN","FRMT",0,31.1439740550409,4.85,"FALSE"
"ORIN","FTVL",0,10.8117340073412,2.65,"FALSE"
"ORIN","GLEN",0,19.2714225341133,4.65,"TRUE"
"ORIN","HAYW",0,21.2034639057501,3.75,"FALSE"
"ORIN","LAFY",0,3.43913020195737,1.85,"FALSE"
"ORIN","LAKE",0,8.06743333704229,2.35,"FALSE"
"ORIN","MCAR",0,5.78671257355713,1.85,"FALSE"
"ORIN","MLBR",0,30.7457246309108,5.55,"TRUE"
"ORIN","MONT",0,14.799503657489,4.4,"TRUE"
"ORIN","NBRK",0,9.54526705714643,2.55,"FALSE"
"ORIN","NCON",0,13.8306325389065,3.4,"FALSE"
"ORIN","ORIN",0,0,5.55,"FALSE"
"ORIN","PHIL",0,8.32364718623135,1.85,"FALSE"
"ORIN","PITT",0,18.2978779594432,3.9,"FALSE"
"ORIN","PLZA",0,11.7254785191255,2.85,"FALSE"
"ORIN","POWL",0,15.2184368519247,4.4,"TRUE"
"ORIN","RICH",0,15.6766179097407,3.25,"FALSE"
"ORIN","ROCK",0,4.38712671487401,1.85,"FALSE"
"ORIN","SANL",0,15.805836758156,3.3,"FALSE"
"ORIN","SBRN",0,27.6711457091337,5.25,"TRUE"
"ORIN","SFIA",0,29.6544533459807,9.7,"TRUE"
"ORIN","SHAY",0,24.1715263120642,4.05,"FALSE"
"ORIN","SSAN",0,25.2856266692322,5,"TRUE"
"ORIN","UCTY",0,27.8833700556078,4.55,"FALSE"
"ORIN","WCRK",0,6.63368568744656,1.85,"FALSE"
"ORIN","WDUB",0,29.3338839182094,4.7,"FALSE"
"ORIN","WOAK",0,8.78890230183398,2.55,"FALSE"
"PHIL","12TH",0,15.8532200125738,3.55,"FALSE"
"PHIL","16TH",0,25.124833777023,5.3,"TRUE"
"PHIL","19TH",0,15.5307305029216,3.55,"FALSE"
"PHIL","24TH",0,26.0107208136986,5.35,"TRUE"
"PHIL","ASHB",0,15.8133310701341,3.5,"FALSE"
"PHIL","BALB",0,28.6447517920885,5.55,"TRUE"
"PHIL","BAYF",0,26.7058582115249,4.35,"FALSE"
"PHIL","CAST",0,29.5522171658623,4.65,"FALSE"
"PHIL","CIVC",0,24.0755281835162,5.25,"TRUE"
"PHIL","COLM",0,31.7487045878779,5.65,"TRUE"
"PHIL","COLS",0,21.2028585522129,3.85,"FALSE"
"PHIL","CONC",0,3.45501139515587,1.85,"FALSE"
"PHIL","DALY",0,30.2589333206277,5.7,"TRUE"
"PHIL","DBRK",0,16.9788329802438,3.55,"FALSE"
"PHIL","DELN",0,21.8918869830658,3.9,"FALSE"
"PHIL","DUBL",0,39.1830326326658,5.7,"FALSE"
"PHIL","EMBR",0,22.761196359533,5.25,"TRUE"
"PHIL","FRMT",0,39.4676212412722,5.7,"FALSE"
"PHIL","FTVL",0,19.1353811935725,3.65,"FALSE"
"PHIL","GLEN",0,27.5950697203446,5.5,"TRUE"
"PHIL","HAYW",0,29.5271110919814,4.65,"FALSE"
"PHIL","LAFY",0,4.88451698427385,1.85,"FALSE"
"PHIL","LAKE",0,16.3910805232736,3.55,"FALSE"
"PHIL","MCAR",0,14.1103597597884,3.5,"FALSE"
"PHIL","MLBR",0,39.0693718171421,6.4,"TRUE"
"PHIL","MONT",0,23.1231508437203,5.25,"TRUE"
"PHIL","NBRK",0,17.8689142433777,3.6,"FALSE"
"PHIL","NCON",0,5.50698535267515,1.85,"FALSE"
"PHIL","ORIN",0,8.32364718623131,1.85,"FALSE"
"PHIL","PHIL",0,0,5.55,"FALSE"
"PHIL","PITT",0,9.97423077321186,1.85,"FALSE"
"PHIL","PLZA",0,20.0491257053568,3.75,"FALSE"
"PHIL","POWL",0,23.542084038156,5.25,"TRUE"
"PHIL","RICH",0,24.000265095972,4.15,"FALSE"
"PHIL","ROCK",0,12.7107739011053,3.35,"FALSE"
"PHIL","SANL",0,24.1294839443873,4.15,"FALSE"
"PHIL","SBRN",0,35.994792895365,6.1,"TRUE"
"PHIL","SFIA",0,37.978100532212,10.55,"TRUE"
"PHIL","SHAY",0,32.4951734982956,4.9,"FALSE"
"PHIL","SSAN",0,33.6092738554635,5.85,"TRUE"
"PHIL","UCTY",0,36.2070172418391,5.4,"FALSE"
"PHIL","WCRK",0,1.68996149878466,1.85,"FALSE"
"PHIL","WDUB",0,37.6575311044407,5.55,"FALSE"
"PHIL","WOAK",0,17.1125494880653,3.65,"FALSE"
"PITT","12TH",0,25.8274507857856,4.6,"FALSE"
"PITT","16TH",0,35.0990645502348,6.4,"TRUE"
"PITT","19TH",0,25.5049612761334,4.6,"FALSE"
"PITT","24TH",0,35.9849515869104,6.45,"TRUE"
"PITT","ASHB",0,25.7875618433458,4.6,"FALSE"
"PITT","BALB",0,38.6189825653003,6.65,"TRUE"
"PITT","BAYF",0,36.6800889847367,5.45,"FALSE"
"PITT","CAST",0,39.5264479390741,5.75,"FALSE"
"PITT","CIVC",0,34.049758956728,6.3,"TRUE"
"PITT","COLM",0,41.7229353610897,6.75,"TRUE"
"PITT","COLS",0,31.1770893254247,4.95,"FALSE"
"PITT","CONC",0,6.51921937805606,1.85,"FALSE"
"PITT","DALY",0,40.2331640938395,6.8,"TRUE"
"PITT","DBRK",0,26.9530637534556,4.6,"FALSE"
"PITT","DELN",0,31.8661177562776,5,"FALSE"
"PITT","DUBL",0,49.1572634058776,6.8,"FALSE"
"PITT","EMBR",0,32.7354271327448,6.3,"TRUE"
"PITT","FRMT",0,49.441852014484,6.8,"FALSE"
"PITT","FTVL",0,29.1096119667843,4.75,"FALSE"
"PITT","GLEN",0,37.5693004935564,6.6,"TRUE"
"PITT","HAYW",0,39.5013418651932,5.7,"FALSE"
"PITT","LAFY",0,14.8587477574856,3.55,"FALSE"
"PITT","LAKE",0,26.3653112964854,4.6,"FALSE"
"PITT","MCAR",0,24.0845905330002,4.6,"FALSE"
"PITT","MLBR",0,49.0436025903538,7.5,"TRUE"
"PITT","MONT",0,33.0973816169321,6.3,"TRUE"
"PITT","NBRK",0,27.8431450165895,4.65,"FALSE"
"PITT","NCON",0,4.46724542053668,1.85,"FALSE"
"PITT","ORIN",0,18.2978779594431,3.9,"FALSE"
"PITT","PHIL",0,9.97423077321178,1.85,"FALSE"
"PITT","PITT",0,0,5.55,"FALSE"
"PITT","PLZA",0,30.0233564785686,4.85,"FALSE"
"PITT","POWL",0,33.5163148113678,6.3,"TRUE"
"PITT","RICH",0,33.9744958691838,5.2,"FALSE"
"PITT","ROCK",0,22.6850046743171,4.45,"FALSE"
"PITT","SANL",0,34.1037147175991,5.2,"FALSE"
"PITT","SBRN",0,45.9690236685768,7.2,"TRUE"
"PITT","SFIA",0,47.9523313054238,11.65,"TRUE"
"PITT","SHAY",0,42.4694042715073,6,"FALSE"
"PITT","SSAN",0,43.5835046286753,6.95,"TRUE"
"PITT","UCTY",0,46.1812480150509,6.5,"FALSE"
"PITT","WCRK",0,11.6641922719964,1.85,"FALSE"
"PITT","WDUB",0,47.6317618776525,6.65,"FALSE"
"PITT","WOAK",0,27.0867802612771,4.75,"FALSE"
"PLZA","12TH",0,7.68162619835363,2.2,"FALSE"
"PLZA","16TH",0,16.9532399628029,4.25,"TRUE"
"PLZA","19TH",0,7.35913668870146,2.2,"FALSE"
"PLZA","24TH",0,17.8391269994785,4.3,"TRUE"
"PLZA","ASHB",0,4.23579463522247,1.85,"FALSE"
"PLZA","BALB",0,20.4731579778683,4.5,"TRUE"
"PLZA","BAYF",0,18.5342643973047,3.45,"FALSE"
"PLZA","CAST",0,21.3806233516422,3.7,"FALSE"
"PLZA","CIVC",0,15.9039343692961,4.15,"TRUE"
"PLZA","COLM",0,23.5771107736578,4.6,"TRUE"
"PLZA","COLS",0,13.0312647379928,2.95,"FALSE"
"PLZA","CONC",0,23.5041371005128,4.15,"FALSE"
"PLZA","DALY",0,22.0873395064075,4.6,"TRUE"
"PLZA","DBRK",0,3.07029272511295,1.85,"FALSE"
"PLZA","DELN",0,1.84276127770895,1.85,"FALSE"
"PLZA","DUBL",0,31.0114388184456,4.8,"FALSE"
"PLZA","EMBR",0,14.5896025453128,4.15,"TRUE"
"PLZA","FRMT",0,31.296027427052,4.8,"FALSE"
"PLZA","FTVL",0,10.9637873793524,2.65,"FALSE"
"PLZA","GLEN",0,19.4234759061244,4.45,"TRUE"
"PLZA","HAYW",0,21.3555172777612,3.75,"FALSE"
"PLZA","LAFY",0,15.164608721083,3.3,"FALSE"
"PLZA","LAKE",0,8.21948670905343,2.2,"FALSE"
"PLZA","MCAR",0,5.93876594556827,2,"FALSE"
"PLZA","MLBR",0,30.8977780029219,5.35,"TRUE"
"PLZA","MONT",0,14.9515570295001,4.15,"TRUE"
"PLZA","NBRK",0,2.18021146197902,1.85,"FALSE"
"PLZA","NCON",0,25.5561110580321,4.35,"FALSE"
"PLZA","ORIN",0,11.7254785191256,2.85,"FALSE"
"PLZA","PHIL",0,20.0491257053569,3.75,"FALSE"
"PLZA","PITT",0,30.0233564785688,4.85,"FALSE"
"PLZA","PLZA",0,0,5.55,"FALSE"
"PLZA","POWL",0,15.3704902239358,4.15,"TRUE"
"PLZA","RICH",0,3.95113939061514,1.85,"FALSE"
"PLZA","ROCK",0,7.33835180425153,2.05,"FALSE"
"PLZA","SANL",0,15.9578901301672,3.2,"FALSE"
"PLZA","SBRN",0,27.8231990811449,5,"TRUE"
"PLZA","SFIA",0,29.8065067179918,9.45,"TRUE"
"PLZA","SHAY",0,24.3235796840754,4,"FALSE"
"PLZA","SSAN",0,25.4376800412433,4.75,"TRUE"
"PLZA","UCTY",0,28.0354234276189,4.5,"FALSE"
"PLZA","WCRK",0,18.3591642065722,3.6,"FALSE"
"PLZA","WDUB",0,29.4859372902206,4.65,"FALSE"
"PLZA","WOAK",0,8.94095567384512,2.35,"FALSE"
"POWL","12TH",0,7.68886402558237,3.3,"TRUE"
"POWL","16TH",0,1.58274973886702,1.85,"FALSE"
"POWL","19TH",0,8.01135353523434,3.3,"TRUE"
"POWL","24TH",0,2.46863677554261,1.85,"FALSE"
"POWL","ASHB",0,11.1346955887131,3.75,"TRUE"
"POWL","BALB",0,5.10266775393248,1.9,"FALSE"
"POWL","BAYF",0,18.4055822238038,4.6,"TRUE"
"POWL","CAST",0,21.2519411781413,4.85,"TRUE"
"POWL","CIVC",0,0.533444145360209,1.85,"FALSE"
"POWL","COLM",0,8.20662054972191,3.5,"FALSE"
"POWL","COLS",0,12.9025825644919,4.05,"TRUE"
"POWL","CONC",0,26.997095433312,5.65,"TRUE"
"POWL","DALY",0,6.71684928247169,3.15,"FALSE"
"POWL","DBRK",0,12.3001974988228,3.9,"TRUE"
"POWL","DELN",0,17.2132515016448,4.3,"TRUE"
"POWL","DUBL",0,30.8827566449447,5.95,"TRUE"
"POWL","EMBR",0,0.780887678623176,1.85,"FALSE"
"POWL","FRMT",0,31.1673452535511,5.95,"TRUE"
"POWL","FTVL",0,10.8351052058515,3.75,"TRUE"
"POWL","GLEN",0,4.05298568218859,1.85,"FALSE"
"POWL","HAYW",0,21.2268351042603,4.85,"TRUE"
"POWL","LAFY",0,18.6575670538822,4.75,"TRUE"
"POWL","LAKE",0,8.09080453555253,3.3,"TRUE"
"POWL","MCAR",0,9.43172427836747,3.5,"TRUE"
"POWL","MLBR",0,15.527287778986,4.5,"FALSE"
"POWL","MONT",0,0.418933194435876,1.85,"FALSE"
"POWL","NBRK",0,13.1902787619568,4,"TRUE"
"POWL","NCON",0,29.0490693908313,5.8,"TRUE"
"POWL","ORIN",0,15.2184368519248,4.4,"TRUE"
"POWL","PHIL",0,23.5420840381561,5.25,"TRUE"
"POWL","PITT",0,33.516314811368,6.3,"TRUE"
"POWL","PLZA",0,15.3704902239359,4.15,"TRUE"
"POWL","POWL",0,0,5.55,"FALSE"
"POWL","RICH",0,19.321629614551,4.5,"TRUE"
"POWL","ROCK",0,10.8313101370507,3.75,"TRUE"
"POWL","SANL",0,15.8292079566663,4.35,"TRUE"
"POWL","SBRN",0,12.452708857209,4.15,"FALSE"
"POWL","SFIA",0,14.436016494056,8.65,"FALSE"
"POWL","SHAY",0,24.1948975105745,5.15,"TRUE"
"POWL","SSAN",0,10.0671898173075,3.8,"FALSE"
"POWL","UCTY",0,27.906741254118,5.6,"TRUE"
"POWL","WCRK",0,21.8521225393714,5.1,"TRUE"
"POWL","WDUB",0,29.3572551167197,5.75,"TRUE"
"POWL","WOAK",0,6.42953455009088,3.1,"TRUE"
"RICH","12TH",0,11.6327655889689,2.8,"FALSE"
"RICH","16TH",0,20.9043793534181,4.6,"TRUE"
"RICH","19TH",0,11.3102760793167,2.8,"FALSE"
"RICH","24TH",0,21.7902663900937,4.65,"TRUE"
"RICH","ASHB",0,8.18693402583771,1.85,"FALSE"
"RICH","BALB",0,24.4242973684836,4.85,"TRUE"
"RICH","BAYF",0,22.4854037879199,3.8,"FALSE"
"RICH","CAST",0,25.3317627422574,4.1,"FALSE"
"RICH","CIVC",0,19.8550737599113,4.5,"TRUE"
"RICH","COLM",0,27.528250164273,4.95,"TRUE"
"RICH","COLS",0,16.982404128608,3.3,"FALSE"
"RICH","CONC",0,27.4552764911281,4.5,"FALSE"
"RICH","DALY",0,26.0384788970228,5,"TRUE"
"RICH","DBRK",0,7.02143211572819,1.85,"FALSE"
"RICH","DELN",0,2.10837811290619,1.85,"FALSE"
"RICH","DUBL",0,34.9625782090608,5.15,"FALSE"
"RICH","EMBR",0,18.5407419359281,4.5,"TRUE"
"RICH","FRMT",0,35.2471668176673,5.15,"FALSE"
"RICH","FTVL",0,14.9149267699676,3.1,"FALSE"
"RICH","GLEN",0,23.3746152967397,4.8,"TRUE"
"RICH","HAYW",0,25.3066566683765,4.1,"FALSE"
"RICH","LAFY",0,19.1157481116982,3.65,"FALSE"
"RICH","LAKE",0,12.1706260996687,2.8,"FALSE"
"RICH","MCAR",0,9.88990533618351,2.6,"FALSE"
"RICH","MLBR",0,34.8489173935371,5.7,"TRUE"
"RICH","MONT",0,18.9026964201154,4.5,"TRUE"
"RICH","NBRK",0,6.13135085259426,1.85,"FALSE"
"RICH","NCON",0,29.5072504486473,4.7,"FALSE"
"RICH","ORIN",0,15.6766179097408,3.25,"FALSE"
"RICH","PHIL",0,24.0002650959722,4.15,"FALSE"
"RICH","PITT",0,33.9744958691841,5.2,"FALSE"
"RICH","PLZA",0,3.95113939061524,1.85,"FALSE"
"RICH","POWL",0,19.3216296145511,4.5,"TRUE"
"RICH","RICH",0,0,5.55,"FALSE"
"RICH","ROCK",0,11.2894911948668,2.65,"FALSE"
"RICH","SANL",0,19.9090295207824,3.6,"FALSE"
"RICH","SBRN",0,31.7743384717601,5.4,"TRUE"
"RICH","SFIA",0,33.7576461086071,9.85,"TRUE"
"RICH","SHAY",0,28.2747190746906,4.35,"FALSE"
"RICH","SSAN",0,29.3888194318585,5.15,"TRUE"
"RICH","UCTY",0,31.9865628182342,4.85,"FALSE"
"RICH","WCRK",0,22.3103035971874,3.95,"FALSE"
"RICH","WDUB",0,33.4370766808358,5,"FALSE"
"RICH","WOAK",0,12.8920950644604,2.95,"FALSE"
"ROCK","12TH",0,3.14244611146847,1.85,"FALSE"
"ROCK","16TH",0,12.4140598759177,3.9,"TRUE"
"ROCK","19TH",0,2.8199566018163,1.85,"FALSE"
"ROCK","24TH",0,13.2999469125933,4,"TRUE"
"ROCK","ASHB",0,3.10255716902873,1.85,"FALSE"
"ROCK","BALB",0,15.9339778909832,4.2,"TRUE"
"ROCK","BAYF",0,13.9950843104196,3,"FALSE"
"ROCK","CAST",0,16.841443264757,3.3,"FALSE"
"ROCK","CIVC",0,11.3647542824109,3.75,"TRUE"
"ROCK","COLM",0,19.0379306867726,4.3,"TRUE"
"ROCK","COLS",0,8.4920846511076,2.2,"FALSE"
"ROCK","CONC",0,16.1657852962613,3.75,"FALSE"
"ROCK","DALY",0,17.5481594195224,4.3,"TRUE"
"ROCK","DBRK",0,4.2680590791385,1.85,"FALSE"
"ROCK","DELN",0,9.18111308196047,2.3,"FALSE"
"ROCK","DUBL",0,26.4722587315605,4.35,"FALSE"
"ROCK","EMBR",0,10.0504224584277,3.75,"TRUE"
"ROCK","FRMT",0,26.7568473401669,4.35,"FALSE"
"ROCK","FTVL",0,6.4246072924672,1.9,"FALSE"
"ROCK","GLEN",0,14.8842958192393,4.1,"TRUE"
"ROCK","HAYW",0,16.8163371908761,3.3,"FALSE"
"ROCK","LAFY",0,7.82625691683144,2.6,"FALSE"
"ROCK","LAKE",0,3.68030662216828,1.85,"FALSE"
"ROCK","MCAR",0,1.39958585868312,1.85,"FALSE"
"ROCK","MLBR",0,26.3585979160367,5,"TRUE"
"ROCK","MONT",0,10.412376942615,3.75,"TRUE"
"ROCK","NBRK",0,5.15814034227242,1.85,"FALSE"
"ROCK","NCON",0,18.2177592537806,3.95,"FALSE"
"ROCK","ORIN",0,4.38712671487407,1.85,"FALSE"
"ROCK","PHIL",0,12.7107739011054,3.35,"FALSE"
"ROCK","PITT",0,22.6850046743173,4.45,"FALSE"
"ROCK","PLZA",0,7.33835180425152,2.05,"FALSE"
"ROCK","POWL",0,10.8313101370507,3.75,"TRUE"
"ROCK","RICH",0,11.2894911948667,2.65,"FALSE"
"ROCK","ROCK",0,0,5.55,"FALSE"
"ROCK","SANL",0,11.418710043282,2.65,"FALSE"
"ROCK","SBRN",0,23.2840189942597,4.7,"TRUE"
"ROCK","SFIA",0,25.2673266311067,9.15,"TRUE"
"ROCK","SHAY",0,19.7843995971902,3.55,"FALSE"
"ROCK","SSAN",0,20.8984999543582,4.45,"TRUE"
"ROCK","UCTY",0,23.4962433407338,4.05,"FALSE"
"ROCK","WCRK",0,11.0208124023206,3.1,"FALSE"
"ROCK","WDUB",0,24.9467572033354,4.2,"FALSE"
"ROCK","WOAK",0,4.40177558695996,1.85,"FALSE"
"SANL","12TH",0,8.27626393181365,2.4,"FALSE"
"SANL","16TH",0,17.4119576955332,4.45,"TRUE"
"SANL","19TH",0,8.59875344146562,2.4,"FALSE"
"SANL","24TH",0,18.2978447322088,4.5,"TRUE"
"SANL","ASHB",0,11.7220954949444,2.85,"FALSE"
"SANL","BALB",0,20.9318757105986,4.7,"TRUE"
"SANL","BAYF",0,2.57637426713754,1.85,"FALSE"
"SANL","CAST",0,5.422733221475,1.85,"FALSE"
"SANL","CIVC",0,16.3626521020264,4.35,"TRUE"
"SANL","COLM",0,24.0358285063881,4.8,"TRUE"
"SANL","COLS",0,2.92662539217452,1.85,"FALSE"
"SANL","CONC",0,27.5844953395433,4.55,"FALSE"
"SANL","DALY",0,22.5460572391379,4.8,"TRUE"
"SANL","DBRK",0,12.8875974050541,3,"FALSE"
"SANL","DELN",0,17.8006514078761,3.4,"FALSE"
"SANL","DUBL",0,15.0535486882784,3.55,"FALSE"
"SANL","EMBR",0,15.0483202780431,4.35,"TRUE"
"SANL","FRMT",0,15.3381372968849,3.55,"FALSE"
"SANL","FTVL",0,4.9941027508148,1.85,"FALSE"
"SANL","GLEN",0,19.8821936388548,4.65,"TRUE"
"SANL","HAYW",0,5.39762714759406,1.85,"FALSE"
"SANL","LAFY",0,19.2449669601134,3.65,"FALSE"
"SANL","LAKE",0,7.73840342111377,2.4,"FALSE"
"SANL","MCAR",0,10.0191241845987,2.6,"FALSE"
"SANL","MLBR",0,31.3564957356522,5.55,"TRUE"
"SANL","MONT",0,15.4102747622304,4.35,"TRUE"
"SANL","NBRK",0,13.777678668188,3.05,"FALSE"
"SANL","NCON",0,29.6364692970626,4.75,"FALSE"
"SANL","ORIN",0,15.8058367581561,3.3,"FALSE"
"SANL","PHIL",0,24.1294839443874,4.15,"FALSE"
"SANL","PITT",0,34.1037147175993,5.2,"FALSE"
"SANL","PLZA",0,15.9578901301671,3.2,"FALSE"
"SANL","POWL",0,15.8292079566662,4.35,"TRUE"
"SANL","RICH",0,19.9090295207823,3.6,"FALSE"
"SANL","ROCK",0,11.418710043282,2.65,"FALSE"
"SANL","SANL",0,0,5.55,"FALSE"
"SANL","SBRN",0,28.2819168138752,5.2,"TRUE"
"SANL","SFIA",0,30.2652244507221,9.65,"TRUE"
"SANL","SHAY",0,8.36568955390822,2.45,"FALSE"
"SANL","SSAN",0,25.8963977739736,4.95,"TRUE"
"SANL","UCTY",0,12.0775332974518,3.15,"FALSE"
"SANL","WCRK",0,22.4395224456026,4,"FALSE"
"SANL","WDUB",0,13.5280471600534,3.4,"FALSE"
"SANL","WOAK",0,9.39967340657544,2.55,"FALSE"
"SBRN","12TH",0,20.1415728827907,4.5,"TRUE"
"SBRN","16TH",0,10.8699591183416,4,"FALSE"
"SBRN","19TH",0,20.4640623924427,4.5,"TRUE"
"SBRN","24TH",0,9.98407208166602,3.9,"FALSE"
"SBRN","ASHB",0,23.5874044459214,4.7,"TRUE"
"SBRN","BALB",0,7.35004110327624,3.55,"FALSE"
"SBRN","BAYF",0,30.8582910810122,5.45,"TRUE"
"SBRN","CAST",0,33.7046500353496,5.7,"TRUE"
"SBRN","CIVC",0,11.9192647118482,4.15,"FALSE"
"SBRN","COLM",0,4.24608830748684,3.1,"FALSE"
"SBRN","COLS",0,25.3552914217002,4.95,"TRUE"
"SBRN","CONC",0,39.4498042905204,6.5,"TRUE"
"SBRN","DALY",0,5.73585957473707,3.1,"FALSE"
"SBRN","DBRK",0,24.7529063560312,4.75,"TRUE"
"SBRN","DELN",0,29.6659603588532,5.15,"TRUE"
"SBRN","DUBL",0,43.3354655021531,6.8,"TRUE"
"SBRN","EMBR",0,13.2335965358315,4.15,"FALSE"
"SBRN","FRMT",0,43.6200541107595,6.8,"TRUE"
"SBRN","FTVL",0,23.2878140630598,4.75,"TRUE"
"SBRN","GLEN",0,8.39972317502016,3.65,"FALSE"
"SBRN","HAYW",0,33.6795439614687,5.7,"TRUE"
"SBRN","LAFY",0,31.1102759110905,5.6,"TRUE"
"SBRN","LAKE",0,20.5435133927609,4.5,"TRUE"
"SBRN","MCAR",0,21.8844331355758,4.6,"TRUE"
"SBRN","MLBR",0,3.07457892177703,3.1,"FALSE"
"SBRN","MONT",0,12.8716420516442,4.15,"FALSE"
"SBRN","NBRK",0,25.6429876191651,4.85,"TRUE"
"SBRN","NCON",0,41.5017782480397,6.7,"TRUE"
"SBRN","ORIN",0,27.6711457091331,5.25,"TRUE"
"SBRN","PHIL",0,35.9947928953645,6.1,"TRUE"
"SBRN","PITT",0,45.9690236685764,7.2,"TRUE"
"SBRN","PLZA",0,27.8231990811442,5,"TRUE"
"SBRN","POWL",0,12.4527088572084,4.15,"FALSE"
"SBRN","RICH",0,31.7743384717594,5.4,"TRUE"
"SBRN","ROCK",0,23.2840189942591,4.7,"TRUE"
"SBRN","SANL",0,28.2819168138746,5.2,"TRUE"
"SBRN","SBRN",0,0,5.55,"FALSE"
"SBRN","SFIA",0,1.98330763684695,7.4,"FALSE"
"SBRN","SHAY",0,36.6476063677828,6,"TRUE"
"SBRN","SSAN",0,2.38551903990139,3.1,"FALSE"
"SBRN","UCTY",0,40.3594501113264,6.45,"TRUE"
"SBRN","WCRK",0,34.3048313965797,5.95,"TRUE"
"SBRN","WDUB",0,41.809963973928,6.6,"TRUE"
"SBRN","WOAK",0,18.8822434072992,4.4,"TRUE"
"SFIA","12TH",0,22.1248805196378,8.95,"TRUE"
"SFIA","16TH",0,12.8532667551887,8.6,"FALSE"
"SFIA","19TH",0,22.4473700292898,8.95,"TRUE"
"SFIA","24TH",0,11.9673797185131,8.5,"FALSE"
"SFIA","ASHB",0,25.5707120827686,9.15,"TRUE"
"SFIA","BALB",0,9.33334874012336,8.1,"FALSE"
"SFIA","BAYF",0,32.8415987178593,9.9,"TRUE"
"SFIA","CAST",0,35.6879576721967,10.15,"TRUE"
"SFIA","CIVC",0,13.9025723486953,8.65,"FALSE"
"SFIA","COLM",0,6.22939594433396,7.7,"FALSE"
"SFIA","COLS",0,27.3385990585473,9.4,"TRUE"
"SFIA","CONC",0,41.4331119273675,10.95,"TRUE"
"SFIA","DALY",0,7.71916721158419,7.9,"FALSE"
"SFIA","DBRK",0,26.7362139928783,9.25,"TRUE"
"SFIA","DELN",0,31.6492679957003,9.65,"TRUE"
"SFIA","DUBL",0,45.3187731390002,11.25,"TRUE"
"SFIA","EMBR",0,15.2169041726787,8.65,"FALSE"
"SFIA","FRMT",0,45.6033617476066,11.25,"TRUE"
"SFIA","FTVL",0,25.2711216999069,9.2,"TRUE"
"SFIA","GLEN",0,10.3830308118673,8.25,"FALSE"
"SFIA","HAYW",0,35.6628515983158,10.2,"TRUE"
"SFIA","LAFY",0,33.0935835479376,10.05,"TRUE"
"SFIA","LAKE",0,22.526821029608,8.95,"TRUE"
"SFIA","MCAR",0,23.8677407724229,9.05,"TRUE"
"SFIA","MLBR",0,1.15703045004103,4.25,"FALSE"
"SFIA","MONT",0,14.8549496884914,8.65,"FALSE"
"SFIA","NBRK",0,27.6262952560122,9.3,"TRUE"
"SFIA","NCON",0,43.4850858848868,11.15,"TRUE"
"SFIA","ORIN",0,29.6544533459803,9.7,"TRUE"
"SFIA","PHIL",0,37.9781005322116,10.55,"TRUE"
"SFIA","PITT",0,47.9523313054235,11.65,"TRUE"
"SFIA","PLZA",0,29.8065067179914,9.45,"TRUE"
"SFIA","POWL",0,14.4360164940555,8.65,"FALSE"
"SFIA","RICH",0,33.7576461086065,9.85,"TRUE"
"SFIA","ROCK",0,25.2673266311062,9.15,"TRUE"
"SFIA","SANL",0,30.2652244507217,9.65,"TRUE"
"SFIA","SBRN",0,1.98330763684711,7.4,"FALSE"
"SFIA","SFIA",0,0,5.55,"FALSE"
"SFIA","SHAY",0,38.63091400463,10.45,"TRUE"
"SFIA","SSAN",0,4.3688266767485,7.4,"FALSE"
"SFIA","UCTY",0,42.3427577481735,10.95,"TRUE"
"SFIA","WCRK",0,36.2881390334268,10.4,"TRUE"
"SFIA","WDUB",0,43.7932716107752,11.1,"TRUE"
"SFIA","WOAK",0,20.8655510441464,8.85,"TRUE"
"SHAY","12TH",0,16.6419534857216,3.5,"FALSE"
"SHAY","16TH",0,25.7776472494411,5.2,"TRUE"
"SHAY","19TH",0,16.9644429953736,3.5,"FALSE"
"SHAY","24TH",0,26.6635342861167,5.25,"TRUE"
"SHAY","ASHB",0,20.0877850488523,3.7,"FALSE"
"SHAY","BALB",0,29.2975652645066,5.5,"TRUE"
"SHAY","BAYF",0,5.78931528677055,1.85,"FALSE"
"SHAY","CAST",0,8.63567424110801,2.55,"FALSE"
"SHAY","CIVC",0,24.7283416559343,5.15,"TRUE"
"SHAY","COLM",0,32.401518060296,5.55,"TRUE"
"SHAY","COLS",0,11.2923149460825,2.9,"FALSE"
"SHAY","CONC",0,35.9501848934513,5.3,"FALSE"
"SHAY","DALY",0,30.9117467930458,5.6,"TRUE"
"SHAY","DBRK",0,21.2532869589621,3.8,"FALSE"
"SHAY","DELN",0,26.1663409617841,4.2,"FALSE"
"SHAY","DUBL",0,18.2664897079115,3.85,"FALSE"
"SHAY","EMBR",0,23.4140098319511,5.15,"TRUE"
"SHAY","FRMT",0,6.97244774297665,1.85,"FALSE"
"SHAY","FTVL",0,13.3597923047228,3.2,"FALSE"
"SHAY","GLEN",0,28.2478831927627,5.4,"TRUE"
"SHAY","HAYW",0,2.9680624063142,1.85,"FALSE"
"SHAY","LAFY",0,27.6106565140214,4.45,"FALSE"
"SHAY","LAKE",0,16.1040929750217,3.5,"FALSE"
"SHAY","MCAR",0,18.3848137385067,3.55,"FALSE"
"SHAY","MLBR",0,39.7221852895602,6.3,"TRUE"
"SHAY","MONT",0,23.7759643161384,5.15,"TRUE"
"SHAY","NBRK",0,22.143368222096,3.85,"FALSE"
"SHAY","NCON",0,38.0021588509705,5.5,"FALSE"
"SHAY","ORIN",0,24.171526312064,4.05,"FALSE"
"SHAY","PHIL",0,32.4951734982954,4.9,"FALSE"
"SHAY","PITT",0,42.4694042715072,6,"FALSE"
"SHAY","PLZA",0,24.3235796840751,4,"FALSE"
"SHAY","POWL",0,24.1948975105741,5.15,"TRUE"
"SHAY","RICH",0,28.2747190746902,4.35,"FALSE"
"SHAY","ROCK",0,19.78439959719,3.55,"FALSE"
"SHAY","SANL",0,8.36568955390796,2.45,"FALSE"
"SHAY","SBRN",0,36.6476063677831,6,"TRUE"
"SHAY","SFIA",0,38.6309140046301,10.45,"TRUE"
"SHAY","SHAY",0,0,5.55,"FALSE"
"SHAY","SSAN",0,34.2620873278816,5.75,"TRUE"
"SHAY","UCTY",0,3.71184374354356,1.85,"FALSE"
"SHAY","WCRK",0,30.8052119995106,4.8,"FALSE"
"SHAY","WDUB",0,16.7409881796864,3.7,"FALSE"
"SHAY","WOAK",0,17.7653629604834,3.6,"FALSE"
"SSAN","12TH",0,17.7560538428893,4.25,"TRUE"
"SSAN","16TH",0,8.48444007844018,3.6,"FALSE"
"SSAN","19TH",0,18.0785433525413,4.25,"TRUE"
"SSAN","24TH",0,7.59855304176463,3.5,"FALSE"
"SSAN","ASHB",0,21.2018854060201,4.45,"TRUE"
"SSAN","BALB",0,4.96452206337486,3.1,"FALSE"
"SSAN","BAYF",0,28.4727720411108,5.2,"TRUE"
"SSAN","CAST",0,31.3191309954482,5.45,"TRUE"
"SSAN","CIVC",0,9.53374567194677,3.8,"FALSE"
"SSAN","COLM",0,1.86056926758546,3.1,"FALSE"
"SSAN","COLS",0,22.9697723817988,4.7,"TRUE"
"SSAN","CONC",0,37.064285250619,6.25,"TRUE"
"SSAN","DALY",0,3.35034053483569,3.1,"FALSE"
"SSAN","DBRK",0,22.3673873161298,4.55,"TRUE"
"SSAN","DELN",0,27.2804413189518,4.9,"TRUE"
"SSAN","DUBL",0,40.9499464622517,6.55,"TRUE"
"SSAN","EMBR",0,10.8480774959302,3.8,"FALSE"
"SSAN","FRMT",0,41.2345350708581,6.55,"TRUE"
"SSAN","FTVL",0,20.9022950231584,4.5,"TRUE"
"SSAN","GLEN",0,6.01420413511878,3.3,"FALSE"
"SSAN","HAYW",0,31.2940249215673,5.45,"TRUE"
"SSAN","LAFY",0,28.7247568711891,5.35,"TRUE"
"SSAN","LAKE",0,18.1579943528595,4.25,"TRUE"
"SSAN","MCAR",0,19.4989140956744,4.35,"TRUE"
"SSAN","MLBR",0,5.46009796167858,3.1,"FALSE"
"SSAN","MONT",0,10.4861230117429,3.8,"FALSE"
"SSAN","NBRK",0,23.2574685792637,4.6,"TRUE"
"SSAN","NCON",0,39.1162592081383,6.45,"TRUE"
"SSAN","ORIN",0,25.2856266692318,5,"TRUE"
"SSAN","PHIL",0,33.6092738554631,5.85,"TRUE"
"SSAN","PITT",0,43.583504628675,6.95,"TRUE"
"SSAN","PLZA",0,25.4376800412428,4.75,"TRUE"
"SSAN","POWL",0,10.067189817307,3.8,"FALSE"
"SSAN","RICH",0,29.388819431858,5.15,"TRUE"
"SSAN","ROCK",0,20.8984999543577,4.45,"TRUE"
"SSAN","SANL",0,25.8963977739732,4.95,"TRUE"
"SSAN","SBRN",0,2.38551903990156,3.1,"FALSE"
"SSAN","SFIA",0,4.36882667674851,7.4,"FALSE"
"SSAN","SHAY",0,34.2620873278815,5.75,"TRUE"
"SSAN","SSAN",0,0,5.55,"FALSE"
"SSAN","UCTY",0,37.973931071425,6.2,"TRUE"
"SSAN","WCRK",0,31.9193123566783,5.7,"TRUE"
"SSAN","WDUB",0,39.4244449340266,6.35,"TRUE"
"SSAN","WOAK",0,16.4967243673979,4.15,"TRUE"
"UCTY","12TH",0,20.3537972292652,3.95,"FALSE"
"UCTY","16TH",0,29.4894909929847,5.7,"TRUE"
"UCTY","19TH",0,20.6762867389172,3.95,"FALSE"
"UCTY","24TH",0,30.3753780296603,5.75,"TRUE"
"UCTY","ASHB",0,23.7996287923959,4.15,"FALSE"
"UCTY","BALB",0,33.0094090080502,5.95,"TRUE"
"UCTY","BAYF",0,9.50115903031415,1.85,"FALSE"
"UCTY","CAST",0,12.3475179846516,3.2,"FALSE"
"UCTY","CIVC",0,28.4401853994779,5.6,"TRUE"
"UCTY","COLM",0,36.1133618038396,6.05,"TRUE"
"UCTY","COLS",0,15.0041586896261,3.5,"FALSE"
"UCTY","CONC",0,39.6620286369948,5.8,"FALSE"
"UCTY","DALY",0,34.6235905365894,6.05,"TRUE"
"UCTY","DBRK",0,24.9651307025057,4.25,"FALSE"
"UCTY","DELN",0,29.8781847053277,4.65,"FALSE"
"UCTY","DUBL",0,21.9783334514551,4.35,"FALSE"
"UCTY","EMBR",0,27.1258535754947,5.6,"TRUE"
"UCTY","FRMT",0,3.2606039994331,1.85,"FALSE"
"UCTY","FTVL",0,17.0716360482664,3.7,"FALSE"
"UCTY","GLEN",0,31.9597269363063,5.9,"TRUE"
"UCTY","HAYW",0,6.6799061498578,1.85,"FALSE"
"UCTY","LAFY",0,31.322500257565,4.9,"FALSE"
"UCTY","LAKE",0,19.8159367185653,3.95,"FALSE"
"UCTY","MCAR",0,22.0966574820503,4.05,"FALSE"
"UCTY","MLBR",0,43.4340290331038,6.8,"TRUE"
"UCTY","MONT",0,27.487808059682,5.6,"TRUE"
"UCTY","NBRK",0,25.8552119656396,4.3,"FALSE"
"UCTY","NCON",0,41.7140025945141,6,"FALSE"
"UCTY","ORIN",0,27.8833700556076,4.55,"FALSE"
"UCTY","PHIL",0,36.207017241839,5.4,"FALSE"
"UCTY","PITT",0,46.1812480150508,6.5,"FALSE"
"UCTY","PLZA",0,28.0354234276187,4.5,"FALSE"
"UCTY","POWL",0,27.9067412541177,5.6,"TRUE"
"UCTY","RICH",0,31.9865628182338,4.85,"FALSE"
"UCTY","ROCK",0,23.4962433407336,4.05,"FALSE"
"UCTY","SANL",0,12.0775332974516,3.15,"FALSE"
"UCTY","SBRN",0,40.3594501113267,6.45,"TRUE"
"UCTY","SFIA",0,42.3427577481737,10.95,"TRUE"
"UCTY","SHAY",0,3.7118437435436,1.85,"FALSE"
"UCTY","SSAN",0,37.9739310714252,6.2,"TRUE"
"UCTY","UCTY",0,0,5.55,"FALSE"
"UCTY","WCRK",0,34.5170557430542,5.25,"FALSE"
"UCTY","WDUB",0,20.45283192323,4.2,"FALSE"
"UCTY","WOAK",0,21.477206704027,4.05,"FALSE"
"WCRK","12TH",0,14.1632585137891,3.4,"FALSE"
"WCRK","16TH",0,23.4348722782384,5.15,"TRUE"
"WCRK","19TH",0,13.840769004137,3.4,"FALSE"
"WCRK","24TH",0,24.320759314914,5.2,"TRUE"
"WCRK","ASHB",0,14.1233695713494,3.3,"FALSE"
"WCRK","BALB",0,26.9547902933038,5.45,"TRUE"
"WCRK","BAYF",0,25.0158967127402,4.2,"FALSE"
"WCRK","CAST",0,27.8622556670777,4.5,"FALSE"
"WCRK","CIVC",0,22.3855666847316,5.1,"TRUE"
"WCRK","COLM",0,30.0587430890933,5.5,"TRUE"
"WCRK","COLS",0,19.5128970534283,3.7,"FALSE"
"WCRK","CONC",0,5.14497289394066,1.85,"FALSE"
"WCRK","DALY",0,28.568971821843,5.55,"TRUE"
"WCRK","DBRK",0,15.2888714814592,3.4,"FALSE"
"WCRK","DELN",0,20.2019254842811,3.8,"FALSE"
"WCRK","DUBL",0,37.4930711338811,5.55,"FALSE"
"WCRK","EMBR",0,21.0712348607483,5.1,"TRUE"
"WCRK","FRMT",0,37.7776597424875,5.6,"FALSE"
"WCRK","FTVL",0,17.4454196947879,3.55,"FALSE"
"WCRK","GLEN",0,25.9051082215599,5.35,"TRUE"
"WCRK","HAYW",0,27.8371495931967,4.5,"FALSE"
"WCRK","LAFY",0,3.19455548548919,1.85,"FALSE"
"WCRK","LAKE",0,14.7011190244889,3.4,"FALSE"
"WCRK","MCAR",0,12.4203982610038,3.3,"FALSE"
"WCRK","MLBR",0,37.3794103183574,6.25,"TRUE"
"WCRK","MONT",0,21.4331893449356,5.1,"TRUE"
"WCRK","NBRK",0,16.1789527445931,3.45,"FALSE"
"WCRK","NCON",0,7.19694685145994,1.85,"FALSE"
"WCRK","ORIN",0,6.63368568744665,1.85,"FALSE"
"WCRK","PHIL",0,1.68996149878479,1.85,"FALSE"
"WCRK","PITT",0,11.6641922719967,1.85,"FALSE"
"WCRK","PLZA",0,18.3591642065722,3.6,"FALSE"
"WCRK","POWL",0,21.8521225393714,5.1,"TRUE"
"WCRK","RICH",0,22.3103035971873,3.95,"FALSE"
"WCRK","ROCK",0,11.0208124023207,3.1,"FALSE"
"WCRK","SANL",0,22.4395224456027,4,"FALSE"
"WCRK","SBRN",0,34.3048313965804,5.95,"TRUE"
"WCRK","SFIA",0,36.2881390334273,10.4,"TRUE"
"WCRK","SHAY",0,30.8052119995109,4.8,"FALSE"
"WCRK","SSAN",0,31.9193123566788,5.7,"TRUE"
"WCRK","UCTY",0,34.5170557430544,5.25,"FALSE"
"WCRK","WCRK",0,0,5.55,"FALSE"
"WCRK","WDUB",0,35.9675696056561,5.4,"FALSE"
"WCRK","WOAK",0,15.4225879892806,3.5,"FALSE"
"WDUB","12TH",0,21.8043110918669,4.1,"FALSE"
"WDUB","16TH",0,30.9400048555864,5.85,"TRUE"
"WDUB","19TH",0,22.1268006015189,4.1,"FALSE"
"WDUB","24TH",0,31.825891892262,5.9,"TRUE"
"WDUB","ASHB",0,25.2501426549976,4.3,"FALSE"
"WDUB","BALB",0,34.4599228706519,6.1,"TRUE"
"WDUB","BAYF",0,10.9516728929158,1.85,"FALSE"
"WDUB","CAST",0,8.10531393857841,1.85,"FALSE"
"WDUB","CIVC",0,29.8906992620796,5.75,"TRUE"
"WDUB","COLM",0,37.5638756664413,6.2,"TRUE"
"WDUB","COLS",0,16.4546725522278,3.65,"FALSE"
"WDUB","CONC",0,41.1125424995965,5.95,"FALSE"
"WDUB","DALY",0,36.0741043991911,6.2,"TRUE"
"WDUB","DBRK",0,26.4156445651074,4.4,"FALSE"
"WDUB","DELN",0,31.3286985679293,4.8,"FALSE"
"WDUB","DUBL",0,1.52550152822504,1.85,"FALSE"
"WDUB","EMBR",0,28.5763674380964,5.75,"TRUE"
"WDUB","FRMT",0,23.7134359226632,4.5,"FALSE"
"WDUB","FTVL",0,18.522149910868,3.85,"FALSE"
"WDUB","GLEN",0,33.410240798908,6.05,"TRUE"
"WDUB","HAYW",0,13.7729257733723,3.45,"FALSE"
"WDUB","LAFY",0,32.7730141201667,5.05,"FALSE"
"WDUB","LAKE",0,21.266450581167,4.1,"FALSE"
"WDUB","MCAR",0,23.547171344652,4.2,"FALSE"
"WDUB","MLBR",0,44.8845428957055,6.95,"TRUE"
"WDUB","MONT",0,28.9383219222837,5.75,"TRUE"
"WDUB","NBRK",0,27.3057258282413,4.45,"FALSE"
"WDUB","NCON",0,43.1645164571158,6.15,"FALSE"
"WDUB","ORIN",0,29.3338839182093,4.7,"FALSE"
"WDUB","PHIL",0,37.6575311044407,5.55,"FALSE"
"WDUB","PITT",0,47.6317618776525,6.65,"FALSE"
"WDUB","PLZA",0,29.4859372902204,4.65,"FALSE"
"WDUB","POWL",0,29.3572551167194,5.75,"TRUE"
"WDUB","RICH",0,33.4370766808355,5,"FALSE"
"WDUB","ROCK",0,24.9467572033352,4.2,"FALSE"
"WDUB","SANL",0,13.5280471600532,3.4,"FALSE"
"WDUB","SBRN",0,41.8099639739284,6.6,"TRUE"
"WDUB","SFIA",0,43.7932716107754,11.1,"TRUE"
"WDUB","SHAY",0,16.7409881796865,3.7,"FALSE"
"WDUB","SSAN",0,39.4244449340269,6.35,"TRUE"
"WDUB","UCTY",0,20.4528319232301,4.2,"FALSE"
"WDUB","WCRK",0,35.9675696056559,5.4,"FALSE"
"WDUB","WDUB",0,0,5.55,"FALSE"
"WDUB","WOAK",0,22.9277205666287,4.2,"FALSE"
"WOAK","12TH",0,1.25932947549149,1.85,"FALSE"
"WOAK","16TH",0,8.01228428895774,3.35,"TRUE"
"WOAK","19TH",0,1.58181898514346,1.85,"FALSE"
"WOAK","24TH",0,8.89817132563334,3.4,"TRUE"
"WOAK","ASHB",0,4.7051610386222,1.85,"FALSE"
"WOAK","BALB",0,11.5322023040232,3.8,"TRUE"
"WOAK","BAYF",0,11.9760476737129,2.95,"FALSE"
"WOAK","CAST",0,14.8224066280504,3.3,"FALSE"
"WOAK","CIVC",0,6.96297869545094,3.1,"TRUE"
"WOAK","COLM",0,14.6361550998126,3.95,"TRUE"
"WOAK","COLS",0,6.47304801440098,2.1,"FALSE"
"WOAK","CONC",0,20.5675608832211,4.05,"FALSE"
"WOAK","DALY",0,13.1463838325624,4,"TRUE"
"WOAK","DBRK",0,5.87066294873196,1.95,"FALSE"
"WOAK","DELN",0,10.7837169515539,2.6,"FALSE"
"WOAK","DUBL",0,24.4532220948538,4.35,"FALSE"
"WOAK","EMBR",0,5.64864687146771,3.1,"TRUE"
"WOAK","FRMT",0,24.7378107034603,4.4,"FALSE"
"WOAK","FTVL",0,4.40557065576057,1.85,"FALSE"
"WOAK","GLEN",0,10.4825202322793,3.65,"TRUE"
"WOAK","HAYW",0,14.7973005541694,3.3,"FALSE"
"WOAK","LAFY",0,12.2280325037913,3.15,"FALSE"
"WOAK","LAKE",0,1.66126998546165,1.85,"FALSE"
"WOAK","MCAR",0,3.00218972827659,1.85,"FALSE"
"WOAK","MLBR",0,21.9568223290768,4.7,"TRUE"
"WOAK","MONT",0,6.010601355655,3.1,"TRUE"
"WOAK","NBRK",0,6.76074421186589,2.05,"FALSE"
"WOAK","NCON",0,22.6195348407404,4.25,"FALSE"
"WOAK","ORIN",0,8.78890230183391,2.55,"FALSE"
"WOAK","PHIL",0,17.1125494880653,3.65,"FALSE"
"WOAK","PITT",0,27.0867802612771,4.75,"FALSE"
"WOAK","PLZA",0,8.94095567384499,2.35,"FALSE"
"WOAK","POWL",0,6.42953455009073,3.1,"TRUE"
"WOAK","RICH",0,12.8920950644601,2.95,"FALSE"
"WOAK","ROCK",0,4.40177558695984,1.85,"FALSE"
"WOAK","SANL",0,9.39967340657538,2.55,"FALSE"
"WOAK","SBRN",0,18.8822434072997,4.4,"TRUE"
"WOAK","SFIA",0,20.8655510441467,8.85,"TRUE"
"WOAK","SHAY",0,17.7653629604836,3.6,"FALSE"
"WOAK","SSAN",0,16.4967243673982,4.15,"TRUE"
"WOAK","UCTY",0,21.4772067040272,4.05,"FALSE"
"WOAK","WCRK",0,15.4225879892805,3.5,"FALSE"
"WOAK","WDUB",0,22.9277205666288,4.2,"FALSE"
"WOAK","WOAK",0,0,5.55,"FALSE"
